Niche,City,Business Name,Phone,Rating,Reviews,Address,Website,Lead Score,Action
Luxury Real Estate,Mumbai,Charms Shri Kaustubh,,,0,,,0,RESEARCH
Luxury Real Estate,Mumbai,Wave Property -Real Estate Agency & Consultants Mumbai | Luxury Homes Andheri In Mumbai,,,0,,,0,RESEARCH
Luxury Real Estate,Mumbai,Narains Luxury Properties India Private Limited,,,0,,,0,RESEARCH
Luxury Real Estate,Mumbai,Luxury Home Mumbai Real Estate,,,0,,,0,RESEARCH
Luxury Real Estate,Mumbai,Walk 2 Dreams Home LLP - The Real Estate Agency In Mumbai.,,,0,,,0,RESEARCH
Luxury Real Estate,Mumbai,Highrise Estates,,,0,,,0,RESEARCH
Luxury Real Estate,Mumbai,Gupta and Sen,,,0,,,0,RESEARCH
Luxury Real Estate,Mumbai,Luxury Real Estate,,,0,,,0,RESEARCH
Luxury Real Estate,Mumbai,Flying Horse International(Real Estate Service),,,0,,,0,RESEARCH
Luxury Real Estate,Mumbai,Fortune Real Estate Agency,,,0,,,0,RESEARCH
Luxury Real Estate,Delhi,"Royal Siyaram estate - Renting, Sale Purchase & Consultant",,,0,,,0,RESEARCH
Luxury Real Estate,Delhi,BEST PROPERTIES Real Estate Consultant,,,0,,,0,RESEARCH
Luxury Real Estate,Delhi,Abhisshek Tewari - #1 Top Luxury Real Estate Agent in South Delhi & Goa,,,0,,,0,RESEARCH
Luxury Real Estate,Delhi,GoodLuck Properties ‚Äì Real Estate Agent (South Delhi),,,0,,,0,RESEARCH
Luxury Real Estate,Delhi,Vishesh Properties,,,0,,,0,RESEARCH
Luxury Real Estate,Delhi,Perfect homes,,,0,,,0,RESEARCH
Luxury Real Estate,Delhi,South Delhi Floors,,,0,,,0,RESEARCH
Luxury Real Estate,Delhi,Royale Realtors India,,,0,,,0,RESEARCH
Luxury Real Estate,Delhi,India Sotheby's International Realty,,,0,,,0,RESEARCH
Luxury Real Estate,Delhi,Ambiance real estate llp : Property Dealer | Plots | Vasant Kunj,,,0,,,0,RESEARCH
Luxury Real Estate,Bangalore,Roof 360 Real Estate and Properties,,,0,,,0,RESEARCH
Luxury Real Estate,Bangalore,MagicFloor | Property Consultants in Bangalore | Buy | Sell | Rent,,,0,,,0,RESEARCH
Luxury Real Estate,Bangalore,New Karnataka Real Estate Agency,,,0,,,0,RESEARCH
Luxury Real Estate,Bangalore,BrokerInBlue - Professional Real Estate Brokers,,,0,,,0,RESEARCH
Luxury Real Estate,Bangalore,MaiSai Realty - Real estate agency,,,0,,,0,RESEARCH
Luxury Real Estate,Bangalore,New Door Venture | Real Estate Consultants in Bangalore,,,0,,,0,RESEARCH
Luxury Real Estate,Bangalore,TOPLINE ESTATES,,,0,,,0,RESEARCH
Luxury Real Estate,Bangalore,"BLR PROPERTIES - Luxury Apartments, Real Estate Agent and Properties Dealer in Kalyan Nagar, Bangalore",,,0,,,0,RESEARCH
Luxury Real Estate,Bangalore,Temptation Realty inc,,,0,,,0,RESEARCH
Luxury Real Estate,Bangalore,Ankith realtors,,,0,,,0,RESEARCH
Luxury Real Estate,Hyderabad,Real-estate Agency Megaliving,,,0,,,0,RESEARCH
Luxury Real Estate,Hyderabad,"Diar Luxury - Real Estate , Construction, Builders & Developers- Hyderabad, Telangana , India.",,,0,,,0,RESEARCH
Luxury Real Estate,Hyderabad,Real Estate agents in Hyderabad | Deccan Progressive Realty.LLP,,,0,,,0,RESEARCH
Luxury Real Estate,Hyderabad,AzeezRealtor-Hyderabad,,,0,,,0,RESEARCH
Luxury Real Estate,Hyderabad,Pavan Realtors,,,0,,,0,RESEARCH
Luxury Real Estate,Hyderabad,Suraj Real Estates,,,0,,,0,RESEARCH
Luxury Real Estate,Hyderabad,Nimra Properties,,,0,,,0,RESEARCH
Luxury Real Estate,Hyderabad,Vijaylaxmi Real Estate Hyderabad Telangana,,,0,,,0,RESEARCH
Luxury Real Estate,Hyderabad,Hyderabad Real Estate Properties,,,0,,,0,RESEARCH
Luxury Real Estate,Hyderabad,Avenir Realty,,,0,,,0,RESEARCH
Luxury Real Estate,Pune,PropertyDrone Realty ‚Äì Real Estate Agency & Real Estate Consultant in Pune,,,0,,,0,RESEARCH
Luxury Real Estate,Pune,Pune Realty in Pune,,,0,,,0,RESEARCH
Luxury Real Estate,Pune,Metropedia & Co - Best Pune Real Estate - Buy Sell Rent Lease High RoI Pre-lease Pre-leased Commercial Industrial NRI Land,,,0,,,0,RESEARCH
Luxury Real Estate,Pune,96 Realtors,,,0,,,0,RESEARCH
Luxury Real Estate,Pune,Luxe Realty,,,0,,,0,RESEARCH
Luxury Real Estate,Pune,Property Market India - Best Real Estate Consultants Property Brokers in Pune,,,0,,,0,RESEARCH
Luxury Real Estate,Pune,"punerealestates.com - Best Property Consultants Dealers Brokers Realtors Sellers in NIBM Road, Pune",,,0,,,0,RESEARCH
Luxury Real Estate,Pune,RaeesRoyal Private Limited,,,0,,,0,RESEARCH
Luxury Real Estate,Pune,OPRIVE REALTORS | Real Estate Consultants ‚Äì Pune,,,0,,,0,RESEARCH
Luxury Real Estate,Pune,ELITE PROPERTIES REAL ESTATE CONSULTANT,,,0,,,0,RESEARCH
Commercial Solar Installers,Mumbai,AUREKA RENEWABLES PVT. LTD.,,,0,,,0,RESEARCH
Commercial Solar Installers,Mumbai,Visol India - Solar Panel Installation Company in Mumbai,,,0,,,0,RESEARCH
Commercial Solar Installers,Mumbai,Solar PV in Mumbai,,,0,,,0,RESEARCH
Commercial Solar Installers,Mumbai,Rising Sun Electric | Solar Panel Installation in Mumbai | Solar EPC | Renewable Energy,,,0,,,0,RESEARCH
Commercial Solar Installers,Mumbai,Go Mumbai Solar LLP EPC,,,0,,,0,RESEARCH
Commercial Solar Installers,Mumbai,Max Energy,,,0,,,0,RESEARCH
Commercial Solar Installers,Mumbai,Nikev Energies | Solar Rooftop System in Mumbai | Solar Panel | Solar Installation | Solar Inverter,,,0,,,0,RESEARCH
Commercial Solar Installers,Mumbai,UNISUN Power Solutions Pvt Ltd | India's Best Solar Company,,,0,,,0,RESEARCH
Commercial Solar Installers,Mumbai,Tech Solar Solutions Pvt. Ltd.,,,0,,,0,RESEARCH
Commercial Solar Installers,Mumbai,Startling Solar Pvt. Ltd,,,0,,,0,RESEARCH
Commercial Solar Installers,Delhi,J S SOLARTECH INDIA PRIVATE LIMITED,,,0,,,0,RESEARCH
Commercial Solar Installers,Delhi,"Alien Energy Solar - Best Solar Energy Company in Delhi, NCR India | Solar Rooftop Company in Delhi, India",,,0,,,0,RESEARCH
Commercial Solar Installers,Delhi,SOLAR-MAIT India,,,0,,,0,RESEARCH
Commercial Solar Installers,Delhi,Nav Solar Power Pvt. Ltd. | Best Solar Company in Delhi NCR,,,0,,,0,RESEARCH
Commercial Solar Installers,Delhi,SAWERI URJA Pvt. Ltd.,,,0,,,0,RESEARCH
Commercial Solar Installers,Delhi,GeoPower India Pvt Ltd,,,0,,,0,RESEARCH
Commercial Solar Installers,Delhi,"Solar India Enterprises supplier & manufactures Of solar panel, solar water heater & solar power plant in Delhi",,,0,,,0,RESEARCH
Commercial Solar Installers,Delhi,India Solar Energies,,,0,,,0,RESEARCH
Commercial Solar Installers,Delhi,REPUBLIC SOLAR ( RPS) by Kamal Sound,,,0,,,0,RESEARCH
Commercial Solar Installers,Delhi,Ishi Solar ‚Äì Rooftop Installations for Home & Industry in Delhi-NCR | Authorised Supplier of TATA Power Solar Kits,,,0,,,0,RESEARCH
Commercial Solar Installers,Bangalore,EcoSoch Solar Private Limited,,,0,,,0,RESEARCH
Commercial Solar Installers,Bangalore,SunTrop Solar Pvt Ltd,,,0,,,0,RESEARCH
Commercial Solar Installers,Bangalore,Power Planet - Best Solar Company in Bangalore.,,,0,,,0,RESEARCH
Commercial Solar Installers,Bangalore,Orange Energy - Best Solar Company in Bangalore | Top Solar Panel Dealer | Best Solar System Company,,,0,,,0,RESEARCH
Commercial Solar Installers,Bangalore,Konark Solar,,,0,,,0,RESEARCH
Commercial Solar Installers,Bangalore,SUNEASE SOLAR,,,0,,,0,RESEARCH
Commercial Solar Installers,Bangalore,Samson Solar Energy. Sales & Services,,,0,,,0,RESEARCH
Commercial Solar Installers,Bangalore,SolarOhms Renewable Energy,,,0,,,0,RESEARCH
Commercial Solar Installers,Bangalore,Solar Hitech Solutions,,,0,,,0,RESEARCH
Commercial Solar Installers,Bangalore,Orb Energy,,,0,,,0,RESEARCH
Commercial Solar Installers,Hyderabad,Nagarjuna Solar Hyderabad | Solar Panels | Solar Rooftop Installations | Support Provided on Solar Subsidy,,,0,,,0,RESEARCH
Commercial Solar Installers,Hyderabad,Four Solar Energy Systems Pvt Ltd,,,0,,,0,RESEARCH
Commercial Solar Installers,Hyderabad,JP Solar Energy Solutions,,,0,,,0,RESEARCH
Commercial Solar Installers,Hyderabad,SolarCircuit Energy - Leading Rooftop Solar Installation Company in Hyderabad,,,0,,,0,RESEARCH
Commercial Solar Installers,Hyderabad,ORBIT SOLAR ENERGY SYSTEM,,,0,,,0,RESEARCH
Commercial Solar Installers,Hyderabad,üåû Oliytech Solar ‚Äì Best Solar Energy Company in Hyderabad,,,0,,,0,RESEARCH
Commercial Solar Installers,Hyderabad,RAHMAT SOLAR SOLUTIONS,,,0,,,0,RESEARCH
Commercial Solar Installers,Hyderabad,Junna Solar Systems Limited | Solar Rooftop Installation in Hyderabad,,,0,,,0,RESEARCH
Commercial Solar Installers,Hyderabad,Rishi Solar LLP,,,0,,,0,RESEARCH
Commercial Solar Installers,Hyderabad,Solar Hyderabad,,,0,,,0,RESEARCH
Commercial Solar Installers,Pune,Green Life Solutions Pvt. Ltd.,,,0,,,0,RESEARCH
Commercial Solar Installers,Pune,Suryatech Solar Systems,,,0,,,0,RESEARCH
Commercial Solar Installers,Pune,SEE-Tech Solutions Pvt. Ltd.,,,0,,,0,RESEARCH
Commercial Solar Installers,Pune,SolarSquare - Rooftop solar installation in Pune,,,0,,,0,RESEARCH
Commercial Solar Installers,Pune,Savemax Solar Systems Pvt Ltd,,,0,,,0,RESEARCH
Commercial Solar Installers,Pune,SURAJ PV SOLAR,,,0,,,0,RESEARCH
Commercial Solar Installers,Pune,Solar is my passion,,,0,,,0,RESEARCH
Commercial Solar Installers,Pune,AFM SOLAR SYSTEM PVT.LTD.,,,0,,,0,RESEARCH
Commercial Solar Installers,Pune,Silico Farm Solar Pvt. Ltd. - Best Solar Company In Pune | India,,,0,,,0,RESEARCH
Commercial Solar Installers,Pune,Sarth Solar,,,0,,,0,RESEARCH
Dental Clinics (Implants),Mumbai,Dr. Teeth Implants and Aesthetic Centre - South Mumbai Clinic,,,0,,,0,RESEARCH
Dental Clinics (Implants),Mumbai,Mumbai Dental Implant Centre,,,0,,,0,RESEARCH
Dental Clinics (Implants),Mumbai,Swargiya Dadasaheb Kalmegh Smruti Dental College & Hospital Nagpur,,,0,,,0,RESEARCH
Dental Clinics (Implants),Mumbai,Ceramco dental clinic,,,0,,,0,RESEARCH
Dental Clinics (Implants),Mumbai,ZenSmile Dental Clinic,,,0,,,0,RESEARCH
Dental Clinics (Implants),Mumbai,MASTERS OF DENTSITRY MD DENTAL CLINIC,,,0,,,0,RESEARCH
Dental Clinics (Implants),Mumbai,SmileKraft Dental Clinic & Implant Centre,,,0,,,0,RESEARCH
Dental Clinics (Implants),Mumbai,Dr. Rahul Jain's Swastik Dental Clinic & Implant centre,,,0,,,0,RESEARCH
Dental Clinics (Implants),Mumbai,HaiDent Dental Clinic,,,0,,,0,RESEARCH
Dental Clinics (Implants),Mumbai,ToothMatic | Root Canal Specialist-Dental Cosmetic Clinic-Dental Aligner Clinics-Dental Implant Clinics In Vile Parle,,,0,,,0,RESEARCH
Dental Clinics (Implants),Delhi,Sai Dental & Implant Clinic,,,0,,,0,RESEARCH
Dental Clinics (Implants),Delhi,Mother Dental Implant Clinic,,,0,,,0,RESEARCH
Dental Clinics (Implants),Delhi,Green Park Dental,,,0,,,0,RESEARCH
Dental Clinics (Implants),Delhi,Dr. Rajat Sachdeva's Dentistry,,,0,,,0,RESEARCH
Dental Clinics (Implants),Delhi,Singh Dental & Implant Clinic,,,0,,,0,RESEARCH
Dental Clinics (Implants),Delhi,Delhi Dental Implant Center,,,0,,,0,RESEARCH
Dental Clinics (Implants),Delhi,Abhirachna Dental & Aesthetics,,,0,,,0,RESEARCH
Dental Clinics (Implants),Delhi,Delhi Dental Cosmetics,,,0,,,0,RESEARCH
Dental Clinics (Implants),Delhi,Delhi Dental Implant Centre,,,0,,,0,RESEARCH
Dental Clinics (Implants),Delhi,Dr. Sourabh Nagpal MDS,,,0,,,0,RESEARCH
Dental Clinics (Implants),Bangalore,Dental Implant Centre,,,0,,,0,RESEARCH
Dental Clinics (Implants),Bangalore,Smilecure Dental clinic,,,0,,,0,RESEARCH
Dental Clinics (Implants),Bangalore,Dr.Sudhakar Reddy's ‚ÄúDental Implant Studio‚Äù,,,0,,,0,RESEARCH
Dental Clinics (Implants),Bangalore,Excel Dental Care Invisalign Dental Braces and Orthodontic Centre Bangalore,,,0,,,0,RESEARCH
Dental Clinics (Implants),Bangalore,Narayana Specialists Dental and Implant Center,,,0,,,0,RESEARCH
Dental Clinics (Implants),Bangalore,"DentEssencePRO ‚Äì Advanced Dental Implants Bangalore | All-on-4, Full Mouth & Digital Smile by Dr. Makam Gangaiah",,,0,,,0,RESEARCH
Dental Clinics (Implants),Bangalore,Dental Solutions,,,0,,,0,RESEARCH
Dental Clinics (Implants),Bangalore,Rajesh Cosmetic & Implant Dentistry| Best Dental Implants in Bangalore,,,0,,,0,RESEARCH
Dental Clinics (Implants),Bangalore,House Of Smiles Dental & Implant Center,,,0,,,0,RESEARCH
Dental Clinics (Implants),Bangalore,Rajkumar's Dental and Implant Centre,,,0,,,0,RESEARCH
Dental Clinics (Implants),Hyderabad,Prudentoe Dental | Best Dental Clinic In Hyderabad | Home Dental Services,,,0,,,0,RESEARCH
Dental Clinics (Implants),Hyderabad,FMS International Dental Center - Advanced Dental Implant Clinic,,,0,,,0,RESEARCH
Dental Clinics (Implants),Hyderabad,Park International Dental Implants Center - Hyderabad,,,0,,,0,RESEARCH
Dental Clinics (Implants),Hyderabad,HYDERABAD DENTAL HOSPITAL & IMPLANT CENTRE,,,0,,,0,RESEARCH
Dental Clinics (Implants),Hyderabad,Sharath Dental Implant clinic,,,0,,,0,RESEARCH
Dental Clinics (Implants),Hyderabad,"Focus Dental Care & Dental Implant Center in Hyderabad, India",,,0,,,0,RESEARCH
Dental Clinics (Implants),Hyderabad,Dr. Motiwala Dental Clinic & Implant Centre,,,0,,,0,RESEARCH
Dental Clinics (Implants),Hyderabad,Dr. Sekhar's Dental care and Implant Centre,,,0,,,0,RESEARCH
Dental Clinics (Implants),Hyderabad,Aziz Dental Clinic and Implant Centre,,,0,,,0,RESEARCH
Dental Clinics (Implants),Hyderabad,The Dental Specialists,,,0,,,0,RESEARCH
Dental Clinics (Implants),Pune,Jatale Dental Clinic and implant center,,,0,,,0,RESEARCH
Dental Clinics (Implants),Pune,Dental Fitness & Implant Centre - | Best Dental Clinic | Best Dentist in Koregaon Park,,,0,,,0,RESEARCH
Dental Clinics (Implants),Pune,"Devs Oral Care - Dentist in Camp, Pune | Teeth Cleaning, Whitening, Dental Checkup, Dental Implants | Dental Clinic in Camp",,,0,,,0,RESEARCH
Dental Clinics (Implants),Pune,Dentovationzz Dental Clinic,,,0,,,0,RESEARCH
Dental Clinics (Implants),Pune,Dr Dudhmal's Blossom Dentofacial Multispeciality clinic,,,0,,,0,RESEARCH
Dental Clinics (Implants),Pune,"Smilex Dental Implant & Aligner Centers, Pune",,,0,,,0,RESEARCH
Dental Clinics (Implants),Pune,Deccan Dental Clinic,,,0,,,0,RESEARCH
Dental Clinics (Implants),Pune,Jehangir Oracare Dental Centre,,,0,,,0,RESEARCH
Dental Clinics (Implants),Pune,Dr. Ajwani's Dental Center | Dentist in Pune | Dental Implants | Full Mouth Implant,,,0,,,0,RESEARCH
Dental Clinics (Implants),Pune,Microdent Dentistry | Dental Implants | Root Canal | Tooth Extraction | Kothrud,,,0,,,0,RESEARCH
Commercial HVAC,Mumbai,Perfect Cool Services,,,0,,,0,RESEARCH
Commercial HVAC,Mumbai,"Coolixa Systems (OPC) Pvt.Ltd - Best Commercial HVAC Contractors, Industrial AC Repair Near Me in Mumbai",,,0,,,0,RESEARCH
Commercial HVAC,Mumbai,Aziz Enterprises-AC Repair service in Mumbai-Ducting services in Mumbai,,,0,,,0,RESEARCH
Commercial HVAC,Mumbai,AC COMFORT ZONE,,,0,,,0,RESEARCH
Commercial HVAC,Mumbai,"Shreyas Aircon, AC Dealers, Air Conditioning System Suppliers & Ducting Contractors In Nagpur",,,0,,,0,RESEARCH
Commercial HVAC,Mumbai,"COOLIXA HVAC PRIVATE LIMITED - Best Commercial HVAC Contractors, Industrial AC Repair Near Me in Mumbai",,,0,,,0,RESEARCH
Commercial HVAC,Mumbai,Star EngineeringCo.,,,0,,,0,RESEARCH
Commercial HVAC,Mumbai,AirTech HVAC engineering Solution,,,0,,,0,RESEARCH
Commercial HVAC,Mumbai,USA Engineering Solutions,,,0,,,0,RESEARCH
Commercial HVAC,Mumbai,Star Engineering Company,,,0,,,0,RESEARCH
Commercial HVAC,Delhi,Perfect Hvac solutions Pvt Ltd,,,0,,,0,RESEARCH
Commercial HVAC,Delhi,"MUKESH CONTRACTORS Air Conditioning, Ductble Engineers & insulation Contractors",,,0,,,0,RESEARCH
Commercial HVAC,Delhi,"Ventac Airconditioning Company Delhi, NCR",,,0,,,0,RESEARCH
Commercial HVAC,Delhi,Brighten HVAC Services,,,0,,,0,RESEARCH
Commercial HVAC,Delhi,ACRV Aircon Projects,,,0,,,0,RESEARCH
Commercial HVAC,Delhi,Barman Air Solutions,,,0,,,0,RESEARCH
Commercial HVAC,Delhi,Aermec HVAC Engineering Company,,,0,,,0,RESEARCH
Commercial HVAC,Delhi,Comfort Aircon - Industrial Chiller Manufacturing and Repair Services in India,,,0,,,0,RESEARCH
Commercial HVAC,Delhi,AV Vishwa Enterprises Pvt. Ltd,,,0,,,0,RESEARCH
Commercial HVAC,Delhi,Perfect Air,,,0,,,0,RESEARCH
Commercial HVAC,Bangalore,"ANAGHA ENTERPRISE (AC , HVAC,CCTV AND ELECTRICAL CONTRACTORS)",,,0,,,0,RESEARCH
Commercial HVAC,Bangalore,Fabair Cooling Solutions Private Limited,,,0,,,0,RESEARCH
Commercial HVAC,Bangalore,Global HVAC Solutions,,,0,,,0,RESEARCH
Commercial HVAC,Bangalore,Concord Airconditioning Systems & Solutions,,,0,,,0,RESEARCH
Commercial HVAC,Bangalore,HVAC Systems Pvt LTD,,,0,,,0,RESEARCH
Commercial HVAC,Bangalore,HVAC Space Air Pvt Ltd,,,0,,,0,RESEARCH
Commercial HVAC,Bangalore,deCONCORD HVAC Systems & Solutions Pvt Ltd,,,0,,,0,RESEARCH
Commercial HVAC,Bangalore,CSAT COOLING SYSTEMS,,,0,,,0,RESEARCH
Commercial HVAC,Bangalore,Active air conditioning,,,0,,,0,RESEARCH
Commercial HVAC,Bangalore,"G.V ENGINEERING, Air conditioning service",,,0,,,0,RESEARCH
Commercial HVAC,Hyderabad,Hvac Contractors in Hyderabad - Ducting Work AHU Service,,,0,,,0,RESEARCH
Commercial HVAC,Hyderabad,Air Bliss Solutions - Hyderabad,,,0,,,0,RESEARCH
Commercial HVAC,Hyderabad,SS AIR CONDITIONING SOLUTIONS - HVAC Sales & Service in TG & AP,,,0,,,0,RESEARCH
Commercial HVAC,Hyderabad,"Air Trendz ‚Äì AC Sales & Service Hyderabad (VRF, Cassette, Central ACs & Split AC)",,,0,,,0,RESEARCH
Commercial HVAC,Hyderabad,Celsius HVAC Systems,,,0,,,0,RESEARCH
Commercial HVAC,Hyderabad,ABS FUJITSU GENERAL PVT LTD,,,0,,,0,RESEARCH
Commercial HVAC,Hyderabad,Deccan HVAC Engineering,,,0,,,0,RESEARCH
Commercial HVAC,Hyderabad,"Southstar Engineering Solutions ‚Äì HVAC, Ducting & MEP Works",,,0,,,0,RESEARCH
Commercial HVAC,Hyderabad,Mrtechnician- MEP contractors & consultant | AC Repairing Services | Plumbing contractors | CCTV Access Control System,,,0,,,0,RESEARCH
Commercial HVAC,Hyderabad,Arial Engineering Services,,,0,,,0,RESEARCH
Commercial HVAC,Pune,Proctus Engineering And Technology,,,0,,,0,RESEARCH
Commercial HVAC,Pune,Complete MEP Solutions LLP,,,0,,,0,RESEARCH
Commercial HVAC,Pune,SNOVAC SYSTEMS PRIVATE LIMITED,,,0,,,0,RESEARCH
Commercial HVAC,Pune,Unique Air Conditioning Projects India Pvt Ltd,,,0,,,0,RESEARCH
Commercial HVAC,Pune,Aircop AC Repair Service,,,0,,,0,RESEARCH
Commercial HVAC,Pune,Verma Air Conditioner Services,,,0,,,0,RESEARCH
Commercial HVAC,Pune,Technodeal Enerpower Private Limited,,,0,,,0,RESEARCH
Commercial HVAC,Pune,Neo Air Systems Pvt. Ltd.,,,0,,,0,RESEARCH
Commercial HVAC,Pune,Al Jumerah Enterprises,,,0,,,0,RESEARCH
Commercial HVAC,Pune,Ambient HVAC Solutions,,,0,,,0,RESEARCH
Luxury Interior Designers,Mumbai,"LAVISH - Interior Designers | Top Luxury Commercial and Residential Interior Designer in Borivali West, East",,,0,,,0,RESEARCH
Luxury Interior Designers,Mumbai,The Design Interior,,,0,,,0,RESEARCH
Luxury Interior Designers,Mumbai,Home Makers Interior Designers And Decorators Private Limited,,,0,,,0,RESEARCH
Luxury Interior Designers,Mumbai,THE BNK GROUP - Luxury Interior Designers & Architectural Designers in Mumbai,,,0,,,0,RESEARCH
Luxury Interior Designers,Mumbai,Urban Design Interior | Best interior designer | Top interior designers | luxury interior designer,,,0,,,0,RESEARCH
Luxury Interior Designers,Mumbai,Space Interior,,,0,,,0,RESEARCH
Luxury Interior Designers,Mumbai,SK INTERIOR DESIGNER /TOP INTERIOR DESIGNER / BEST INTERIOR DESIGNER / LUXURY INTERIOR DESIGNER,,,0,,,0,RESEARCH
Luxury Interior Designers,Mumbai,unique interiors solution,,,0,,,0,RESEARCH
Luxury Interior Designers,Mumbai,Rennovate,,,0,,,0,RESEARCH
Luxury Interior Designers,Mumbai,DESIGN CONSTRUCTION‚ÄîInterior Designer & Contractor in Mumbai,,,0,,,0,RESEARCH
Luxury Interior Designers,Delhi,Heaven Bird Interiors¬Æ | Best interior designer in INDIA | Top interior designer in India | Hotel interiors,,,0,,,0,RESEARCH
Luxury Interior Designers,Delhi,Shining Story- Luxury Interior designer in Delhi,,,0,,,0,RESEARCH
Luxury Interior Designers,Delhi,Blubloom Interior - Best Interior Designers in Delhi,,,0,,,0,RESEARCH
Luxury Interior Designers,Delhi,A2Z INTERIORS | Best interior designer | Top interior designers | luxury interior designer,,,0,,,0,RESEARCH
Luxury Interior Designers,Delhi,The Luxury Interiors,,,0,,,0,RESEARCH
Luxury Interior Designers,Delhi,Latest Interiors & Constructions - Best Interior Designers in Delhi NCR - Best Interior Decorators in Delhi,,,0,,,0,RESEARCH
Luxury Interior Designers,Delhi,"Payal Kapoor- Luxury Interior Designer in Delhi | Home, Office & Commercial Interiors",,,0,,,0,RESEARCH
Luxury Interior Designers,Delhi,Spaces Talk - Best Interior Designers in South Delhi,,,0,,,0,RESEARCH
Luxury Interior Designers,Delhi,Shruti Sodhi Interior Designs,,,0,,,0,RESEARCH
Luxury Interior Designers,Delhi,Dezine Innovation | Interior Designers | Architects | Delhi,,,0,,,0,RESEARCH
Luxury Interior Designers,Bangalore,The KariGhars - Best Interior Designer in Bangalore,,,0,,,0,RESEARCH
Luxury Interior Designers,Bangalore,Asense Interior (HSR Layout),,,0,,,0,RESEARCH
Luxury Interior Designers,Bangalore,The KariGhars - Best Interior Designer in Bangalore,,,0,,,0,RESEARCH
Luxury Interior Designers,Bangalore,Glamwood Interiors - Top Interior Designers in Bangalore | Best Interior Design Company,,,0,,,0,RESEARCH
Luxury Interior Designers,Bangalore,Anusha Shetty Designs Luxury Atelier - Best Interior Designers in Bangalore | Best Luxury Interior Designers Bangalore,,,0,,,0,RESEARCH
Luxury Interior Designers,Bangalore,Homeitup Interior Design Studio,,,0,,,0,RESEARCH
Luxury Interior Designers,Bangalore,WeDezine Studio,,,0,,,0,RESEARCH
Luxury Interior Designers,Bangalore,Revolution Lux Decor - Interior Designers in Bangalore | Best Interior Designers in Bangalore,,,0,,,0,RESEARCH
Luxury Interior Designers,Bangalore,Carafina Interior Designers,,,0,,,0,RESEARCH
Luxury Interior Designers,Bangalore,"Glamwood Interiors - Best Interior Designers in Bangalore, Sarjapura",,,0,,,0,RESEARCH
Luxury Interior Designers,Hyderabad,Decorpot - Gachibowli,,,0,,,0,RESEARCH
Luxury Interior Designers,Hyderabad,Aurum interiors - Best interior designers - Top Interior designers -Affordable luxury,,,0,,,0,RESEARCH
Luxury Interior Designers,Hyderabad,"Rhythm and Emphasis Design Studio | Best luxury Home Interior Designer in Hyderabad, Telangana",,,0,,,0,RESEARCH
Luxury Interior Designers,Hyderabad,Elaan Interiors - Premium & Luxury Interior Designers in Hyderabad,,,0,,,0,RESEARCH
Luxury Interior Designers,Hyderabad,JAGAH DESIGNS PVT LTD - Best Home Interiors Top Designer in Hyderabad,,,0,,,0,RESEARCH
Luxury Interior Designers,Hyderabad,DIVA interiors | Luxury Design Studio,,,0,,,0,RESEARCH
Luxury Interior Designers,Hyderabad,iCraft Designz and Interiors,,,0,,,0,RESEARCH
Luxury Interior Designers,Hyderabad,Medi Interiors - Best Interior Designer In Hyderabad | Modular Kitchen,,,0,,,0,RESEARCH
Luxury Interior Designers,Hyderabad,Decore Designz Studio (Best | top interior designers in Hyderabad),,,0,,,0,RESEARCH
Luxury Interior Designers,Hyderabad,Bright Arena Interiors - Best Luxury Interior Designers in Hyderabad | Kokapet | Madhapur | Nanakramguda | Miyapur | Vizag,,,0,,,0,RESEARCH
Luxury Interior Designers,Pune,Tejomaya Architects and Interior Designers,,,0,,,0,RESEARCH
Luxury Interior Designers,Pune,Decorpot - Viman Nagar | Best Interior Designers in Pune,,,0,,,0,RESEARCH
Luxury Interior Designers,Pune,Luxe Interior Studio,,,0,,,0,RESEARCH
Luxury Interior Designers,Pune,Alacritys - Transform Your Space | Schedule a consultation today,,,0,,,0,RESEARCH
Luxury Interior Designers,Pune,Misraas Realty Interior Designers | Best home interior designers in Pune,,,0,,,0,RESEARCH
Luxury Interior Designers,Pune,"Vivid Interiors - Interior Designers in Kothrud Pune, Residential, Commercial, Industrial Interior",,,0,,,0,RESEARCH
Luxury Interior Designers,Pune,Kams Designer Zone | Interior Designers in Pune,,,0,,,0,RESEARCH
Luxury Interior Designers,Pune,Home Story Interior Pvt. Ltd.,,,0,,,0,RESEARCH
Luxury Interior Designers,Pune,XCLUSIVE INTERIORS PVT LTD,,,0,,,0,RESEARCH
Luxury Interior Designers,Pune,LIFE2HOME | Best Interior Designers in Pune and PCMC,,,0,,,0,RESEARCH
Modular Kitchen Manufacturers,Mumbai,Crystal Modular kitchen,,,0,,,0,RESEARCH
Modular Kitchen Manufacturers,Mumbai,Modular Kitchen Mumbai,,,0,,,0,RESEARCH
Modular Kitchen Manufacturers,Mumbai,"Exclusive Modular Kitchen-Modular Kitchen Manufacturers,Dealers in Mumbai,South Mumbai, Ulhasnagar ,Thane West,Kalyan West",,,0,,,0,RESEARCH
Modular Kitchen Manufacturers,Mumbai,KREATIVE KITCHEN-Best Modular Kitchen Manufacturers in Mumbai|Modular Kitchen Dealers and Suppliers in Malad,,,0,,,0,RESEARCH
Modular Kitchen Manufacturers,Mumbai,"Trendy Kitchen World - Best Modular Kitchen Dealers,Modular Kitchen Manufacturers in Mumbai,Andheri",,,0,,,0,RESEARCH
Modular Kitchen Manufacturers,Mumbai,KK Modular Kitchen,,,0,,,0,RESEARCH
Modular Kitchen Manufacturers,Mumbai,Modulux Modular Kitchen and Furniture,,,0,,,0,RESEARCH
Modular Kitchen Manufacturers,Mumbai,SteelCraaft Modular Kitchen: Best low cost Modular kitchen & home interior designers in Mumbai | Parallel & L Shaped,,,0,,,0,RESEARCH
Modular Kitchen Manufacturers,Mumbai,Royal Kitchen,,,0,,,0,RESEARCH
Modular Kitchen Manufacturers,Mumbai,Shivam Modular kitchen,,,0,,,0,RESEARCH
Modular Kitchen Manufacturers,Delhi,Modular Kitchen Manufacturers,,,0,,,0,RESEARCH
Modular Kitchen Manufacturers,Delhi,Modular Kitchen DSI,,,0,,,0,RESEARCH
Modular Kitchen Manufacturers,Delhi,Modular Kitchen Manufacturer,,,0,,,0,RESEARCH
Modular Kitchen Manufacturers,Delhi,Woodmac,,,0,,,0,RESEARCH
Modular Kitchen Manufacturers,Delhi,Modular India ‚Äì Modular Kitchen Manufacturer in Delhi | wardrobe Design & Manufacturers in Delhi,,,0,,,0,RESEARCH
Modular Kitchen Manufacturers,Delhi,Wudley Modulars,,,0,,,0,RESEARCH
Modular Kitchen Manufacturers,Delhi,Kamal stainless steel modular kitchen,,,0,,,0,RESEARCH
Modular Kitchen Manufacturers,Delhi,MADE EASY HOME INTERIOR - Modular Kitchen and Wardrobes Manufacturer in delhi,,,0,,,0,RESEARCH
Modular Kitchen Manufacturers,Delhi,Kitchen Manufacturers,,,0,,,0,RESEARCH
Modular Kitchen Manufacturers,Delhi,HOWELLS MODULAR KITCHEN,,,0,,,0,RESEARCH
Modular Kitchen Manufacturers,Hyderabad,VM Modular Solutions | Premium Residential Interiors,,,0,,,0,RESEARCH
Modular Kitchen Manufacturers,Hyderabad,Interior Path Modular kitchen,,,0,,,0,RESEARCH
Modular Kitchen Manufacturers,Hyderabad,I4 Modulars,,,0,,,0,RESEARCH
Modular Kitchen Manufacturers,Hyderabad,Bhavana Modular Kitchen & Furniture House,,,0,,,0,RESEARCH
Modular Kitchen Manufacturers,Hyderabad,SHIVAM MODULAR,,,0,,,0,RESEARCH
Modular Kitchen Manufacturers,Hyderabad,Dream Modular - Interior Design Company in Hyderabad | Modular Interiors,,,0,,,0,RESEARCH
Modular Kitchen Manufacturers,Hyderabad,Vastu Shilp Modular Kitchen,,,0,,,0,RESEARCH
Modular Kitchen Manufacturers,Hyderabad,Modular kitchen and wardrobes,,,0,,,0,RESEARCH
Modular Kitchen Manufacturers,Hyderabad,Eurostar Interiors Kitchen,,,0,,,0,RESEARCH
Modular Kitchen Manufacturers,Hyderabad,DAS Interior Designer - Best carpenter Modular Kitchen Interior Designer in Hyderabad Cupboard Carpenter near me Hyderabad,,,0,,,0,RESEARCH
Modular Kitchen Manufacturers,Pune,Yes Modular Kitchen,,,0,,,0,RESEARCH
Modular Kitchen Manufacturers,Pune,KITCHEN MAKER,,,0,,,0,RESEARCH
Modular Kitchen Manufacturers,Pune,Make My Kitchen Pune - Modular Kitchen Manufacturers In Pune | Kitchen Interior | Kitchen Trolleys | Kitchen Cabinets,,,0,,,0,RESEARCH
Modular Kitchen Manufacturers,Pune,"Chamunda Modular Kitchen - Modular Kitchen in Katraj, Bibvewadi | Kitchen Trolley Manufacturer in Dhankawadi, Pisoli, Kondhwa",,,0,,,0,RESEARCH
Modular Kitchen Manufacturers,Pune,"ùêäùê¢ùê≠ùêúùê°ùêûùêß ùêíùê≠ùêÆùêùùê¢ùê® - ùêÅùêöùêßùêûùê´ | Modular Kitchen in Baner | Modular Kitchen maker in Baner, Interior Designer Baner",,,0,,,0,RESEARCH
Modular Kitchen Manufacturers,Pune,SLE Pune,,,0,,,0,RESEARCH
Modular Kitchen Manufacturers,Pune,Adeetya's Kitchen - Modular Kitchen Manufacturers In Pune | Kitchen Trolleys | Best Modular Kitchen in Pune,,,0,,,0,RESEARCH
Modular Kitchen Manufacturers,Pune,"Himalay Kitchen Studio And Interior - Modular Kitchen in Undri | Interior Designer in NIBM, Pisoli | Furniture Maker in Undri",,,0,,,0,RESEARCH
Modular Kitchen Manufacturers,Pune,"Smart kitchen & furniture-Modular Kitchen and Office furniture Manufacturer In Wakad ,Baner Pune|Home Interiors In Wakad Pune",,,0,,,0,RESEARCH
Modular Kitchen Manufacturers,Pune,Shree Karni Modular Kitchen and Furniture,,,0,,,0,RESEARCH
Study Abroad Consultants,Mumbai,IDP Education - Study Abroad Consultants in Nagpur,,,0,,,0,RESEARCH
Study Abroad Consultants,Mumbai,Yash Overseas Education - MBBS in Russia | Best MBBS Russia Consultancy,,,0,,,0,RESEARCH
Study Abroad Consultants,Mumbai,Uni Mantra - Overseas Education Consultant,,,0,,,0,RESEARCH
Study Abroad Consultants,Mumbai,GeeBee Education ( GB Education Study Abroad Consultants ),,,0,,,0,RESEARCH
Study Abroad Consultants,Mumbai,AV Global - MBBS Consultant In Nagpur | MBBS Abroad Consultants | Overseas Education Consultant,,,0,,,0,RESEARCH
Study Abroad Consultants,Mumbai,KC Overseas Education Sadar Nagpur,,,0,,,0,RESEARCH
Study Abroad Consultants,Mumbai,KC Overseas Education Pvt. Ltd.,,,0,,,0,RESEARCH
Study Abroad Consultants,Mumbai,Study Abroad Franchise,,,0,,,0,RESEARCH
Study Abroad Consultants,Mumbai,VERMA EDUCATION CONSULTANCY,,,0,,,0,RESEARCH
Study Abroad Consultants,Mumbai,Education Vibes - MBBS Abroad & Study Abroad Overseas Education Consultancy,,,0,,,0,RESEARCH
Study Abroad Consultants,Delhi,KC Overseas Education Pvt. Ltd.,,,0,,,0,RESEARCH
Study Abroad Consultants,Delhi,Global Edge - Study Abroad Consultants,,,0,,,0,RESEARCH
Study Abroad Consultants,Delhi,Humstudy - Abroad Education | Study Abroad Consultants | Study Overseas Consultants,,,0,,,0,RESEARCH
Study Abroad Consultants,Delhi,AEC Overseas - Study Abroad Consultants,,,0,,,0,RESEARCH
Study Abroad Consultants,Delhi,Transglobal Overseas Education Consultants - Study Abroad Consultants,,,0,,,0,RESEARCH
Study Abroad Consultants,Delhi,"Leverage Edu - Study Abroad Consultant in Model Town, New Delhi",,,0,,,0,RESEARCH
Study Abroad Consultants,Delhi,Search Education - Study Abroad Consultants | Delhi,,,0,,,0,RESEARCH
Study Abroad Consultants,Delhi,Immigration Experts - Study Abroad Consultants,,,0,,,0,RESEARCH
Study Abroad Consultants,Delhi,Edwise International,,,0,,,0,RESEARCH
Study Abroad Consultants,Delhi,"Grace International - Study Abroad Consultants in Janakpuri, Delhi",,,0,,,0,RESEARCH
Study Abroad Consultants,Bangalore,Study Next Overseas,,,0,,,0,RESEARCH
Study Abroad Consultants,Bangalore,Edwise International - Study Abroad Consultants - Bangalore,,,0,,,0,RESEARCH
Study Abroad Consultants,Bangalore,Career Gyan - Study Abroad Consultants in Bangalore,,,0,,,0,RESEARCH
Study Abroad Consultants,Bangalore,Leap Scholar - Study Abroad Consultant in Jayanagar,,,0,,,0,RESEARCH
Study Abroad Consultants,Bangalore,KC Overseas Education Pvt ltd Bengaluru,,,0,,,0,RESEARCH
Study Abroad Consultants,Bangalore,IDP Education - Study Abroad Consultants in Bangalore (JP Nagar),,,0,,,0,RESEARCH
Study Abroad Consultants,Bangalore,Admissiongyan Overseas Education Consultancy,,,0,,,0,RESEARCH
Study Abroad Consultants,Bangalore,The Big Leap - Study Abroad Consultant in Bangalore |UK | Ireland | Australia | USA | Canada | Europe,,,0,,,0,RESEARCH
Study Abroad Consultants,Bangalore,"SNY COSMOS Overseas Edu Consultants Pvt Ltd (Study in Europe, UK and Ireland)",,,0,,,0,RESEARCH
Study Abroad Consultants,Bangalore,EduXpo360 Abroad MBBS | MBBS Russia | MBBS Kyrgyzstan | MBBS Georgia | MBBS Malaysia | Abroad MBBS Consultants in Bangalore,,,0,,,0,RESEARCH
Study Abroad Consultants,Hyderabad,KC Overseas Education Himayatnagar,,,0,,,0,RESEARCH
Study Abroad Consultants,Hyderabad,Study Abroad Consultz,,,0,,,0,RESEARCH
Study Abroad Consultants,Hyderabad,IVY Overseas - Best Abroad Study Consultancy in Hyderabad,,,0,,,0,RESEARCH
Study Abroad Consultants,Hyderabad,Edwise International - Study Abroad Consultants ‚Äì Hyderabad,,,0,,,0,RESEARCH
Study Abroad Consultants,Hyderabad,THE HOPE OVERSEAS EDUCATION,,,0,,,0,RESEARCH
Study Abroad Consultants,Hyderabad,IDP Education - Study Abroad Consultants in Hyderabad,,,0,,,0,RESEARCH
Study Abroad Consultants,Hyderabad,Abbacy Global Group,,,0,,,0,RESEARCH
Study Abroad Consultants,Hyderabad,MSR Educational Consultants Pvt Ltd | Study MBBS in Abroad | MBBS in GEORGIA RUSSIA VIETNAM | Best MBBS Consultancy Company,,,0,,,0,RESEARCH
Study Abroad Consultants,Hyderabad,IVY Overseas | Best Overseas Study Consultants in Hyderabad,,,0,,,0,RESEARCH
Study Abroad Consultants,Hyderabad,GoStudy¬Æ,,,0,,,0,RESEARCH
Study Abroad Consultants,Pune,Shah Overseas [NSAC Overseas] Study abroad,,,0,,,0,RESEARCH
Study Abroad Consultants,Pune,IDP Education - Study Abroad Consultants in Nagpur,,,0,,,0,RESEARCH
Study Abroad Consultants,Pune,Edwise International - Study Abroad Consultants - Pune (Station Road),,,0,,,0,RESEARCH
Study Abroad Consultants,Pune,Education Vibes - MBBS Abroad and Study Abroad Overseas Education Consultancy,,,0,,,0,RESEARCH
Study Abroad Consultants,Pune,IDP Education - Study Abroad Consultants in Pune,,,0,,,0,RESEARCH
Study Abroad Consultants,Pune,Edwise International - Study Abroad Consultants - Pune (FC Road),,,0,,,0,RESEARCH
Study Abroad Consultants,Pune,AdmitCart-Study Abroad Consultants Pune,,,0,,,0,RESEARCH
Study Abroad Consultants,Pune,Scholars Abroad Consulting Pvt.Ltd.,,,0,,,0,RESEARCH
Study Abroad Consultants,Pune,AECC Study Abroad Consultant in Pune,,,0,,,0,RESEARCH
Study Abroad Consultants,Pune,GoStudy¬Æ - Study Abroad | IELTS¬Æ | PTE¬Æ,,,0,,,0,RESEARCH
Luxury Wedding Venues,Mumbai,Jade Luxury Banquets,,,0,,,0,RESEARCH
Luxury Wedding Venues,Mumbai,5 - Star Wedding Hotels in Mumbai,,,0,,,0,RESEARCH
Luxury Wedding Venues,Mumbai,"Royal Halls NSCI - Luxurious Banquet Hall | Exhibition Hall| Marriage Hall | Corporate Event Hall in Worli, Mumbai",,,0,,,0,RESEARCH
Luxury Wedding Venues,Mumbai,Blue Sea Mumbai,,,0,,,0,RESEARCH
Luxury Wedding Venues,Mumbai,Kino Cottage,,,0,,,0,RESEARCH
Luxury Wedding Venues,Mumbai,The Palace Halls,,,0,,,0,RESEARCH
Luxury Wedding Venues,Mumbai,Imara by Canto,,,0,,,0,RESEARCH
Luxury Wedding Venues,Mumbai,Valentine wedding Ground,,,0,,,0,RESEARCH
Luxury Wedding Venues,Mumbai,Landmark Marriage And Party Hall,,,0,,,0,RESEARCH
Luxury Wedding Venues,Mumbai,Malad De Grande - Best Venues,,,0,,,0,RESEARCH
Luxury Wedding Venues,Delhi,"Swastik Luxury Wedding Venue Bijwasan, Delhi",,,0,,,0,RESEARCH
Luxury Wedding Venues,Delhi,The Upper HSE by Tivoli-Luxury Wedding Venue in South Delhi,,,0,,,0,RESEARCH
Luxury Wedding Venues,Delhi,OXMO Banquet & Wedding Venues Delhi,,,0,,,0,RESEARCH
Luxury Wedding Venues,Delhi,Araya Bagh New Delhi,,,0,,,0,RESEARCH
Luxury Wedding Venues,Delhi,Golden Apple Luxury Wedding Destination - Banquet Hall in Delhi,,,0,,,0,RESEARCH
Luxury Wedding Venues,Delhi,Get Your Venue: Book Your Wedding Venues in Delhi,,,0,,,0,RESEARCH
Luxury Wedding Venues,Delhi,POLO LUXURIOUS DESTINATION,,,0,,,0,RESEARCH
Luxury Wedding Venues,Delhi,Mallu Farms - Wedding Farmhouse | Wedding Hall | Banquet Hall | Wedding Planner | Wedding Venues,,,0,,,0,RESEARCH
Luxury Wedding Venues,Delhi,Golden Apple Luxury Wedding Destination - Banquet Hall in Pitampura,,,0,,,0,RESEARCH
Luxury Wedding Venues,Delhi,The Ritz by FNP Venues,,,0,,,0,RESEARCH
Luxury Wedding Venues,Bangalore,MANTRA - The Luxury Wedding Destination,,,0,,,0,RESEARCH
Luxury Wedding Venues,Bangalore,"Le Roma Gardenia - The Best Destination Wedding & Celebration Venue - Resort - Yelahanka, Bangalore",,,0,,,0,RESEARCH
Luxury Wedding Venues,Bangalore,The King's Meadows | Luxury Wedding Venue in Bangalore,,,0,,,0,RESEARCH
Luxury Wedding Venues,Bangalore,The Tamarind Tree,,,0,,,0,RESEARCH
Luxury Wedding Venues,Bangalore,The Kalanivasthi,,,0,,,0,RESEARCH
Luxury Wedding Venues,Bangalore,White Petals,,,0,,,0,RESEARCH
Luxury Wedding Venues,Bangalore,Best Luxury & Beautiful Wedding Venues in Bangalore | Wedding Cloud,,,0,,,0,RESEARCH
Luxury Wedding Venues,Bangalore,Chaitrashree Royal Banquet | Meridian By The Lawns - Luxury Weddings & Events Venue,,,0,,,0,RESEARCH
Luxury Wedding Venues,Bangalore,Temple Tree Leisure,,,0,,,0,RESEARCH
Luxury Wedding Venues,Bangalore,The Peacock Grove,,,0,,,0,RESEARCH
Luxury Wedding Venues,Hyderabad,The Environ¬Æ - Courtyard Weddings & Events,,,0,,,0,RESEARCH
Luxury Wedding Venues,Hyderabad,IRIS - Experience Luxury,,,0,,,0,RESEARCH
Luxury Wedding Venues,Hyderabad,Legacy Palace,,,0,,,0,RESEARCH
Luxury Wedding Venues,Hyderabad,The Vintage Palace,,,0,,,0,RESEARCH
Luxury Wedding Venues,Hyderabad,Ridhira Retreat - Event Venue in Hyderabad,,,0,,,0,RESEARCH
Luxury Wedding Venues,Hyderabad,Avani The Perfect Venue,,,0,,,0,RESEARCH
Luxury Wedding Venues,Hyderabad,Ravila Grand Banquet Halls & LUXURY ROOMS,,,0,,,0,RESEARCH
Luxury Wedding Venues,Hyderabad,"Pranay Serene Resort - Best Staycation in Shamirpet, Hyderabad , Best Wedding Venue in Shamirpet, Hyderabad",,,0,,,0,RESEARCH
Luxury Wedding Venues,Hyderabad,Serene Banquets,,,0,,,0,RESEARCH
Luxury Wedding Venues,Hyderabad,Our Palace Banquet Hall,,,0,,,0,RESEARCH
Luxury Wedding Venues,Pune,Marigold Banquets 'N' Conventions,,,0,,,0,RESEARCH
Luxury Wedding Venues,Pune,Dutch Palace,,,0,,,0,RESEARCH
Luxury Wedding Venues,Pune,Siddhi Gardens and Banquets,,,0,,,0,RESEARCH
Luxury Wedding Venues,Pune,Nahata Lawns & Banquets,,,0,,,0,RESEARCH
Luxury Wedding Venues,Pune,Plumeria Luxury Banquet & Resorts,,,0,,,0,RESEARCH
Luxury Wedding Venues,Pune,"The Central Park Hotel, Banquet Hall (Weddingz.in Partner)",,,0,,,0,RESEARCH
Luxury Wedding Venues,Pune,Hotel Kapil Residency Banquet hall Best Marriage Wedding Hall - Party & Engagement Venue Pune Station Pune,,,0,,,0,RESEARCH
Luxury Wedding Venues,Pune,Siddharth Palace Kothrud Pune,,,0,,,0,RESEARCH
Luxury Wedding Venues,Pune,Town Plaza - Ac Banquet Hall In Pune,,,0,,,0,RESEARCH
Luxury Wedding Venues,Pune,ZIYON EVENTS A.C BANQUET HALL - Best Banquet Hall,,,0,,,0,RESEARCH
Digital Marketing Agencies,Mumbai,SHOUT IN & OUT | Best Digital Marketing Agency in Mumbai | Social Media Marketing | Lead Generation | Reel Marketing,,,0,,,0,RESEARCH
Digital Marketing Agencies,Mumbai,A&B - Luxury Digital Agency,,,0,,,0,RESEARCH
Digital Marketing Agencies,Mumbai,One Wrap Digital Solutions | Best Digital Marketing Agency in Mumbai,,,0,,,0,RESEARCH
Digital Marketing Agencies,Mumbai,DigiChefs,,,0,,,0,RESEARCH
Digital Marketing Agencies,Mumbai,Orion Digital | Digital Agency in Mumbai | ORM Agency | Social Media | SEO Agency,,,0,,,0,RESEARCH
Digital Marketing Agencies,Mumbai,"Digiigrow - Best Digital Marketing Agency in Navi Mumbai, Website Design, Social media marketing, Seo in Vashi, Navi Mumbai",,,0,,,0,RESEARCH
Digital Marketing Agencies,Mumbai,Rishi Gangoly - Digital Marketing Agency in Mumbai | SEO Agency,,,0,,,0,RESEARCH
Digital Marketing Agencies,Mumbai,DigiRich | Best Digital Marketing Agency In Mumbai | Complete Digital Solutions,,,0,,,0,RESEARCH
Digital Marketing Agencies,Mumbai,Techinfinity - Best Digital Creative Marketing Agency In Mumbai,,,0,,,0,RESEARCH
Digital Marketing Agencies,Mumbai,"ADUNIVERSE360 - Digital Marketing, SEO, Social Media, PPC and Lead Generation Services in Mumbai, Thane and Navi Mumbai",,,0,,,0,RESEARCH
Digital Marketing Agencies,Delhi,SocialGo | Best Digital Marketing Agency in Delhi | Social Media Marketing | Web Designing | SEO | Branding,,,0,,,0,RESEARCH
Digital Marketing Agencies,Delhi,Digital Agency Delhi - Digital Marketing Agency Delhi,,,0,,,0,RESEARCH
Digital Marketing Agencies,Delhi,Excel Range Media - Seo Company in Delhi for Seo Services | Seo Agency in Delhi for Search Engine Optimization Services,,,0,,,0,RESEARCH
Digital Marketing Agencies,Delhi,Webquick India OPC Pvt Ltd - Digital Marketing Agency in Delhi | Seo Agency in Delhi | Ecommerce Web Designing | PPC Near Me,,,0,,,0,RESEARCH
Digital Marketing Agencies,Delhi,"Mahira Digital SEO Agency in Delhi, India",,,0,,,0,RESEARCH
Digital Marketing Agencies,Delhi,Rapid Digital Growth - Best Digital Marketing Agency in Delhi,,,0,,,0,RESEARCH
Digital Marketing Agencies,Delhi,digiDZN | Delhi Digital Marketing Agency,,,0,,,0,RESEARCH
Digital Marketing Agencies,Delhi,"Broz media - Best Influencer Marketing Agency In Delhi, India",,,0,,,0,RESEARCH
Digital Marketing Agencies,Delhi,ùóôùóºùóπùó∏ùòÄùòÜ ùóóùó∂ùó¥ùó∂ùòÅùóÆùóπ ùó¶ùóºùóπùòÇùòÅùó∂ùóºùóª | ùóóùó∂ùó¥ùó∂ùòÅùóÆùóπ ùó†ùóÆùóøùó∏ùó≤ùòÅùó∂ùóªùó¥ ùóîùó¥ùó≤ùóªùó∞ùòÜ ùóöùóºùóºùó¥ùóπùó≤ ùóîùó±ùòÄ ùó¶ùó≤ùóøùòÉùó∂ùó∞ùó≤ùòÄ ùó∂ùóª ùóóùó≤ùóπùóµùó∂ | ùóïùó≤ùòÄùòÅ ùóöùó†ùóï ùó¶ùóòùó¢ ùóòùòÖùóΩùó≤ùóøùòÅ ùóîùó¥ùó≤ùóªùó∞ùòÜ ùóúùóª ùóóùó≤ùóπùóµùó∂ ùóúùóªùó±ùó∂ùóÆ,,,0,,,0,RESEARCH
Digital Marketing Agencies,Delhi,"Manik Digital Marketing Agency | Best Digital Marketing Company in Delhi | SEO, PPC, SMM",,,0,,,0,RESEARCH
Digital Marketing Agencies,Bangalore,Digital Corsel - Best Digital Marketing Company in Bangalore | SEO Agency,,,0,,,0,RESEARCH
Digital Marketing Agencies,Bangalore,RDS Digital,,,0,,,0,RESEARCH
Digital Marketing Agencies,Bangalore,"Monaqo:Full-Funnel Digital Growth Marketing Agency in Bangalore, India for B2B,App & D2C Ecommerce",,,0,,,0,RESEARCH
Digital Marketing Agencies,Bangalore,Bright Ads Digital Marketing Agency Bangalore | SEO Agency | Website Development in Bangalore,,,0,,,0,RESEARCH
Digital Marketing Agencies,Bangalore,"ùóóùó∂ùó¥ùó∂ùòÅùóÆùóπùó∂ùóªùó±ùó∂ùóÆùóÆùó±ùó±, ùóóùó∂ùó¥ùó∂ùòÅùóÆùóπ ùó†ùóÆùóøùó∏ùó≤ùòÅùó∂ùóªùó¥ ùóîùó¥ùó≤ùóªcùòÜ ùó∂ùóª ùóïùóÆùóªùó¥ùóÆùóúùóºùóøùó≤",,,0,,,0,RESEARCH
Digital Marketing Agencies,Bangalore,Mathew Digital - Best Digital Marketing Agency In Bangalore | SEO & Web Design Company,,,0,,,0,RESEARCH
Digital Marketing Agencies,Bangalore,Jinconnect Digital Agency,,,0,,,0,RESEARCH
Digital Marketing Agencies,Bangalore,Mathew Digital - Best Digital Marketing Agency In Bangalore | SEO & Web Design Company,,,0,,,0,RESEARCH
Digital Marketing Agencies,Bangalore,Digital iMac - Best Digital Marketing Company in Bangalore | SEO Agency,,,0,,,0,RESEARCH
Digital Marketing Agencies,Bangalore,HAAPS - Digital Marketing Agency in Bangalore,,,0,,,0,RESEARCH
Digital Marketing Agencies,Hyderabad,Geekschip,,,0,,,0,RESEARCH
Digital Marketing Agencies,Hyderabad,Digital Mojo - Branding and Digital Marketing Agency in Hyderabad,,,0,,,0,RESEARCH
Digital Marketing Agencies,Hyderabad,Brandingnuts - Best Digital Marketing Agency In Hyderabad | Digital Marketing Services,,,0,,,0,RESEARCH
Digital Marketing Agencies,Hyderabad,Digital i360 - Best Digital Marketing Agency In Hyderabad | Best SEO Company In Hyderabad,,,0,,,0,RESEARCH
Digital Marketing Agencies,Hyderabad,Emblix Solutions,,,0,,,0,RESEARCH
Digital Marketing Agencies,Hyderabad,"DigitalZap ‚Äì Digital Marketing, SEO & Branding Agency in Hyderabad",,,0,,,0,RESEARCH
Digital Marketing Agencies,Hyderabad,Vihaan Digitals - Best Digital Marketing Agency in Hyderabad | SEO | Advertising | Social Media Marketing Services,,,0,,,0,RESEARCH
Digital Marketing Agencies,Hyderabad,WE PROMOTE U DIGITAL MARKETING AGENCY,,,0,,,0,RESEARCH
Digital Marketing Agencies,Hyderabad,XLENT Digital Solutions - Digital Marketing Agency in Hyderabad,,,0,,,0,RESEARCH
Digital Marketing Agencies,Hyderabad,OXYGEN,,,0,,,0,RESEARCH
Digital Marketing Agencies,Pune,"Ad2brand Digital Marketing Agency & Digital Marketing Course, Pune",,,0,,,0,RESEARCH
Digital Marketing Agencies,Pune,Mage Marketer - Best Digital Marketing Agency in Pune | Social Media | SEO | Performance Marketing | Branding | Website,,,0,,,0,RESEARCH
Digital Marketing Agencies,Pune,Digibrandz IT Solutions - Digital Marketing Agency,,,0,,,0,RESEARCH
Digital Marketing Agencies,Pune,Social Bubbles Top Digital Marketing Agency In Pune,,,0,,,0,RESEARCH
Digital Marketing Agencies,Pune,Awrange Digital Solutions,,,0,,,0,RESEARCH
Digital Marketing Agencies,Pune,Binvento,,,0,,,0,RESEARCH
Digital Marketing Agencies,Pune,Namaskar Digital - B2B | B2C | Digital Marketing | Advertising - Best Social Media Agency,,,0,,,0,RESEARCH
Digital Marketing Agencies,Pune,OMX Technologies - Digital Marketing Agency | Website development | Social Media | SEO Company in Pune,,,0,,,0,RESEARCH
Digital Marketing Agencies,Pune,The Scribblers - Digital Marketing Agency in Pune | SEO Agency,,,0,,,0,RESEARCH
Digital Marketing Agencies,Pune,Social Beast | Best Digital Marketing Agency in Pune,,,0,,,0,RESEARCH
Wealth Managers/IFAs,Mumbai,Premier Capital Advisor Mumbai,,,0,,,0,RESEARCH
Wealth Managers/IFAs,Mumbai,SMART INVESTMENT ADVISOR,,,0,,,0,RESEARCH
Wealth Managers/IFAs,Mumbai,Manek Financial Advisors Pvt Ltd,,,0,,,0,RESEARCH
Wealth Managers/IFAs,Mumbai,Palladian Financial Advisors LLP,,,0,,,0,RESEARCH
Wealth Managers/IFAs,Mumbai,Arvind Investment Services,,,0,,,0,RESEARCH
Wealth Managers/IFAs,Mumbai,V R Wealth Advisors Pvt Ltd,,,0,,,0,RESEARCH
Wealth Managers/IFAs,Mumbai,S9 FINANCIAL PLANNERS - Best Financial Planner in Mumbai | Personal Finance Advisor,,,0,,,0,RESEARCH
Wealth Managers/IFAs,Mumbai,Lakhani Financial Services | Startup And Pitch Deck Design Consultant in Mumbai,,,0,,,0,RESEARCH
Wealth Managers/IFAs,Mumbai,MintBox Advisory | Mumbai,,,0,,,0,RESEARCH
Wealth Managers/IFAs,Mumbai,Money Haven - Tax & Investment Consultant in Mumbai,,,0,,,0,RESEARCH
Wealth Managers/IFAs,Delhi,"Best Invest India Financial Services, Best Financial Advisor in West Delhi",,,0,,,0,RESEARCH
Wealth Managers/IFAs,Delhi,"The Financial Mall, Delhi",,,0,,,0,RESEARCH
Wealth Managers/IFAs,Delhi,"Money Tree Partners - Best Financial Planner, Investment Advisor, Tax Planning Advisor, Mutual Fund Distributor In Delhi",,,0,,,0,RESEARCH
Wealth Managers/IFAs,Delhi,Vinod Goyal || Insure n Invest || Best Financial & Investment Consultant in Delhi NCR,,,0,,,0,RESEARCH
Wealth Managers/IFAs,Delhi,PTIC Corporate Services Pvt. Ltd,,,0,,,0,RESEARCH
Wealth Managers/IFAs,Delhi,Ratni Finserv Pvt Ltd (Mutual Funds Advisor),,,0,,,0,RESEARCH
Wealth Managers/IFAs,Delhi,Aj Wealth & Financial Services : Best Mutual Fund Advisor | Insurance Agent | Investment Advisor | South Delhi,,,0,,,0,RESEARCH
Wealth Managers/IFAs,Delhi,Aapka Nivesh Financial Services,,,0,,,0,RESEARCH
Wealth Managers/IFAs,Delhi,Sentinel India - Financial Advisor| Wealth Management Services,,,0,,,0,RESEARCH
Wealth Managers/IFAs,Delhi,Dr.Funds-Private Wealth Doctor,,,0,,,0,RESEARCH
Wealth Managers/IFAs,Bangalore,Awesmart - Premium Financial Services,,,0,,,0,RESEARCH
Wealth Managers/IFAs,Bangalore,FinAtoZ - Financial Planner in Bangalore,,,0,,,0,RESEARCH
Wealth Managers/IFAs,Bangalore,Inspire India Wealth Pvt Ltd,,,0,,,0,RESEARCH
Wealth Managers/IFAs,Bangalore,Ara Financial Services Pvt. Ltd,,,0,,,0,RESEARCH
Wealth Managers/IFAs,Bangalore,BasuNivesh Fee Only Financial Planners,,,0,,,0,RESEARCH
Wealth Managers/IFAs,Bangalore,"Finvest India - Mutual Funds, Investments and Insurance in Bangalore",,,0,,,0,RESEARCH
Wealth Managers/IFAs,Bangalore,InvestAscent Wealth Advisors Pvt Ltd,,,0,,,0,RESEARCH
Wealth Managers/IFAs,Bangalore,SimpliWealth,,,0,,,0,RESEARCH
Wealth Managers/IFAs,Hyderabad,Vivekam Financial Services,,,0,,,0,RESEARCH
Wealth Managers/IFAs,Hyderabad,RP Wealth Pvt Ltd.,,,0,,,0,RESEARCH
Wealth Managers/IFAs,Hyderabad,Guardian Capital Investment Advisors Pvt. Ltd.,,,0,,,0,RESEARCH
Wealth Managers/IFAs,Hyderabad,Wealth Munshi: Comprehensive Financial Planning for HNIs and NRIs in Hyderabad,,,0,,,0,RESEARCH
Wealth Managers/IFAs,Hyderabad,Maxiom Wealth - SEBI Regd Investment Advisors | Best Financial Advisory Services in India,,,0,,,0,RESEARCH
Wealth Managers/IFAs,Hyderabad,Manavi Wealth¬Æ|| Mutual Funds || SIP || Insurance Services || NPS,,,0,,,0,RESEARCH
Wealth Managers/IFAs,Hyderabad,Financial Advisor,,,0,,,0,RESEARCH
Wealth Managers/IFAs,Hyderabad,StellarGrowth Financial Services,,,0,,,0,RESEARCH
Wealth Managers/IFAs,Hyderabad,G V Subrahmanyam - Top Financial Advisor/Investment Expert in Hyderabad - IIM-Bangalore; SEBI Registered,,,0,,,0,RESEARCH
Wealth Managers/IFAs,Hyderabad,Finveda Wealth Pvt. Ltd.,,,0,,,0,RESEARCH
Wealth Managers/IFAs,Pune,AJ Financial - Leading Investment Managers|Best Investment Advisors|Top Financial Planners|Trusted Wealth Consultants in Pune,,,0,,,0,RESEARCH
Wealth Managers/IFAs,Pune,Midas Wealth Advisory Pvt. Ltd. | Wealth Advisory Pune,,,0,,,0,RESEARCH
Wealth Managers/IFAs,Pune,Bigbucks Financial Services Private Limited,,,0,,,0,RESEARCH
Wealth Managers/IFAs,Pune,Multi Investments,,,0,,,0,RESEARCH
Wealth Managers/IFAs,Pune,Best Financial Advisor in Pune - Wealth Flight Investments,,,0,,,0,RESEARCH
Wealth Managers/IFAs,Pune,PrimeWealth | Financial Planning and Wealth Management Firm,,,0,,,0,RESEARCH
Wealth Managers/IFAs,Pune,Assets Banking Best Financial Advisor,,,0,,,0,RESEARCH
Wealth Managers/IFAs,Pune,Nandi Nivesh Private Limited,,,0,,,0,RESEARCH
Wealth Managers/IFAs,Pune,Absolute Financial Services,,,0,,,0,RESEARCH
Wealth Managers/IFAs,Pune,"Cresta Wealth - Best Financial Planner in Baner, Pune",,,0,,,0,RESEARCH
Corporate Law Firms,Mumbai,Thapar and Associates Law Firm,,,0,,,0,RESEARCH
Corporate Law Firms,Mumbai,"VS IPR & LEGAL ADVISORS LLP ( Trademark ,Copyright, Design Patent lawyer & Start-up Advisor in Mumbai)",,,0,,,0,RESEARCH
Corporate Law Firms,Mumbai,Advocate in Mumbai | Lawyer in Mumbai | Best Advocate in Mumbai | Pan India Advocate & Associates¬Æ,,,0,,,0,RESEARCH
Corporate Law Firms,Mumbai,Lex Rex Jurist Advocates & Legal Consultants Advocates in Mumbai | Lawyers in Mumbai | Pan India Advocate & Associates,,,0,,,0,RESEARCH
Corporate Law Firms,Mumbai,"Hedgehog & Fox Law Firm | Best Litigation Lawyer In Mumbai | Best Criminal Lawyer, NCLT, Arbitration",,,0,,,0,RESEARCH
Corporate Law Firms,Mumbai,JuristechLegal & Partners - Best Law Firms in Mumbai,,,0,,,0,RESEARCH
Corporate Law Firms,Mumbai,Actolegal LLP,,,0,,,0,RESEARCH
Corporate Law Firms,Mumbai,"One Legal | Expert Advocates & Legal Advisors Commercial, Arbitration, Property, Tax Lawyer",,,0,,,0,RESEARCH
Corporate Law Firms,Mumbai,WillJini Succession Services Pvt. Ltd,,,0,,,0,RESEARCH
Corporate Law Firms,Mumbai,Prem Kumar & Associates | Criminal Lawyer in Mumbai | Bail Lawyer | Anticipatory Lawyer,,,0,,,0,RESEARCH
Corporate Law Firms,Delhi,MAHESHWARI & CO.,,,0,,,0,RESEARCH
Corporate Law Firms,Delhi,Siddharth Jain & Co.,,,0,,,0,RESEARCH
Corporate Law Firms,Delhi,"DLegal Group - Top Legal Firm in Delhi | Civil, Criminal & Cyber Lawyers in Delhi",,,0,,,0,RESEARCH
Corporate Law Firms,Delhi,"Brevet Advocates - Law firm (Lawyers), Delhi",,,0,,,0,RESEARCH
Corporate Law Firms,Delhi,"My Lawyers Advice | Dwarka, New Delhi Best Corporate Lawyer & Legal Consultant for Corporates, MSME, SME & Startup",,,0,,,0,RESEARCH
Corporate Law Firms,Delhi,"Shrikant Samantara Law Associates Lawyers in Delhi, India for property, immigration, money recovery, and other legal issues.",,,0,,,0,RESEARCH
Corporate Law Firms,Delhi,Kma Law office-Civil Lawyer in Delhi-Criminal Lawyer in Delhi-Property and Matrimonial law Expert in Delhi,,,0,,,0,RESEARCH
Corporate Law Firms,Delhi,Karan S Thukral | NRI Law Expert | International Divorce and Property Lawyer,,,0,,,0,RESEARCH
Corporate Law Firms,Delhi,"S S Global Law Firm- Advocates, Divorce Lawyers and Corporate Legal Consultants",,,0,,,0,RESEARCH
Corporate Law Firms,Delhi,India Law Offices LLP,,,0,,,0,RESEARCH
Corporate Law Firms,Bangalore,Aditya & Co. Advocates ~ Lawyers in Bangalore,,,0,,,0,RESEARCH
Corporate Law Firms,Bangalore,Kamal & Co. Advocates,,,0,,,0,RESEARCH
Corporate Law Firms,Bangalore,"Kapil Dixit LLP - Divorce Lawyers in Bangalore (Divorce, Criminal, Family, Civil, Child Custody, Alimony)",,,0,,,0,RESEARCH
Corporate Law Firms,Bangalore,"Prime Legal - Best Law Firm for Criminal, Divorce & Civil Lawyers in Bangalore | Cyber, Consumer, Family & Legal Dispute Laws",,,0,,,0,RESEARCH
Corporate Law Firms,Bangalore,SS LAW (Adv. Dr. Sudhindra Bhat),,,0,,,0,RESEARCH
Corporate Law Firms,Bangalore,"SP Law Chambers ‚Äì Expert Law Firm for Criminal, Divorce & Civil Lawyers in Bangalore | Family & Legal Dispute Laws",,,0,,,0,RESEARCH
Corporate Law Firms,Bangalore,Fox Mandal & Associates Ô∏è,,,0,,,0,RESEARCH
Corporate Law Firms,Bangalore,ManAT Legal,,,0,,,0,RESEARCH
Corporate Law Firms,Bangalore,Tatva Legal - Bangalore,,,0,,,0,RESEARCH
Corporate Law Firms,Bangalore,"Kumar & Anjan Kumar Law Associates - High Court Lawyers in Bangalore | Criminal, Divorce, Family, Civil & Legal Disputes",,,0,,,0,RESEARCH
Corporate Law Firms,Hyderabad,"Brzee Law Firm (Corporate, Real Estate, all Civil, Criminal & Family cases) 18 years of expertise",,,0,,,0,RESEARCH
Corporate Law Firms,Hyderabad,Kamal & Co. Advocates,,,0,,,0,RESEARCH
Corporate Law Firms,Hyderabad,Absolute Law Firm,,,0,,,0,RESEARCH
Corporate Law Firms,Hyderabad,Khanna Law Associates - Best lawyers in Hyderabad,,,0,,,0,RESEARCH
Corporate Law Firms,Hyderabad,SUPREME LAW ASSOCIATES HYDERABAD,,,0,,,0,RESEARCH
Corporate Law Firms,Hyderabad,VSK & Co ADVOCATES - property verification lawyers & divorce lawyers &family lawyers,,,0,,,0,RESEARCH
Corporate Law Firms,Hyderabad,Jai Bhim Attorney's law Firm - Advocates Hyderabad,,,0,,,0,RESEARCH
Corporate Law Firms,Hyderabad,CORPOLEAGUE LAW FIRM,,,0,,,0,RESEARCH
Corporate Law Firms,Hyderabad,The Law Chambers of UJ Associates - Best Law Firm in Hyderabad,,,0,,,0,RESEARCH
Corporate Law Firms,Hyderabad,BMR Law Offices,,,0,,,0,RESEARCH
Corporate Law Firms,Pune,Advocate Upadhye & Associates- Criminal | Cyber | Divorce | Corporate | IPR | POSH | Consumer | NDPS | Entertainment & Media,,,0,,,0,RESEARCH
Corporate Law Firms,Pune,"JHJ Legal founder Adv Jayesh H. Jain | Law Firm in Pune | Advocate and Legal Advisors | Property,Civil,Criminal & Corporate",,,0,,,0,RESEARCH
Corporate Law Firms,Pune,Reddy & Reddy Law Firm,,,0,,,0,RESEARCH
Corporate Law Firms,Pune,Astrea Legal Associates LLP,,,0,,,0,RESEARCH
Corporate Law Firms,Pune,Vidyam Legal | [Former - UKP Legal] - Advocates & Legal Consultants,,,0,,,0,RESEARCH
Corporate Law Firms,Pune,Kale & Shinde Associates,,,0,,,0,RESEARCH
Corporate Law Firms,Pune,"AKGN Legal- CS firms in Pune, Company Secretary firms in Pune, Company Formation, Company registration, OPC, Nidhi, LLP Pune",,,0,,,0,RESEARCH
Corporate Law Firms,Pune,Legis Associates-Charity Commissioner-employment&labour-family court-corporate lawyer,,,0,,,0,RESEARCH
Corporate Law Firms,Pune,ALPINE LAW PUNE Law Firm office Adv Ganesh R Kadam,,,0,,,0,RESEARCH
Corporate Law Firms,Pune,Advocate Indrajit Dongre & Associates - Best Lawyer In Pune | Family & Divorce Lawyer,,,0,,,0,RESEARCH
Corporate Event Planners,Mumbai,Great Catwalk Events | Top Event Management Companies in Mumbai | Wedding Planners | Corporate Events | Birthday Party Events,,,0,,,0,RESEARCH
Corporate Event Planners,Mumbai,SOS PARTY - Offsite Mice Event Management Company Mumbai,,,0,,,0,RESEARCH
Corporate Event Planners,Mumbai,Planet Entertainment And Event Management Company,,,0,,,0,RESEARCH
Corporate Event Planners,Mumbai,"Trupp & Fest Event Management Company, Engagement & Wedding Planners, Party Decoration, Organisers in Mumbai",,,0,,,0,RESEARCH
Corporate Event Planners,Mumbai,"Events and Solutions - Best event management, Led Screen & event equipment rental solutions company",,,0,,,0,RESEARCH
Corporate Event Planners,Mumbai,VG CORPORATE EVENTS PVT LTD,,,0,,,0,RESEARCH
Corporate Event Planners,Mumbai,Real events and entertainment - Event Management Company Mumbai,,,0,,,0,RESEARCH
Corporate Event Planners,Mumbai,ICE India | Corporate Event Management & MICE Travel Agency,,,0,,,0,RESEARCH
Corporate Event Planners,Mumbai,S K EVENTS (EVENTS & DECORATION & SFX ) EVENTS PLANNER (MUMBAI),,,0,,,0,RESEARCH
Corporate Event Planners,Mumbai,Vow Events l Best Event Management Company in Mumbai l Thane l Mulund,,,0,,,0,RESEARCH
Corporate Event Planners,Delhi,My Evently | Best Event Management Company in Delhi | Book for Wedding and Corporate Events,,,0,,,0,RESEARCH
Corporate Event Planners,Delhi,SHOWMAKERZ,,,0,,,0,RESEARCH
Corporate Event Planners,Delhi,Awesome Event | Best Event Company in Delhi NCR,,,0,,,0,RESEARCH
Corporate Event Planners,Delhi,Eventales Designs Pvt. Ltd. | Luxury and Corporate Event Management Company in Delhi NCR,,,0,,,0,RESEARCH
Corporate Event Planners,Delhi,Hitkari Productions and Creations | Best Event Planner in Delhi NCR | Best Wedding Planner,,,0,,,0,RESEARCH
Corporate Event Planners,Delhi,SS Events & Co.,,,0,,,0,RESEARCH
Corporate Event Planners,Delhi,Loud In Crowd Events,,,0,,,0,RESEARCH
Corporate Event Planners,Delhi,Blue Box Events,,,0,,,0,RESEARCH
Corporate Event Planners,Delhi,"Pearl Imagica - Event Management, Corporate Events in Delhi",,,0,,,0,RESEARCH
Corporate Event Planners,Delhi,WOW Events Pvt Ltd,,,0,,,0,RESEARCH
Corporate Event Planners,Bangalore,SOS Party - Event Management Company Bengaluru,,,0,,,0,RESEARCH
Corporate Event Planners,Bangalore,Events bangalore,,,0,,,0,RESEARCH
Corporate Event Planners,Bangalore,Maze Events ‚Äì Event Management Company in Bangalore,,,0,,,0,RESEARCH
Corporate Event Planners,Bangalore,Erigo Events - Corporate Events & Wedding Planners,,,0,,,0,RESEARCH
Corporate Event Planners,Bangalore,Michael & Co.,,,0,,,0,RESEARCH
Corporate Event Planners,Bangalore,Zeal Integrated Marketing Solutions - Event Management Company - Bangalore,,,0,,,0,RESEARCH
Corporate Event Planners,Bangalore,Butterflies Event Management - Event Planner,,,0,,,0,RESEARCH
Corporate Event Planners,Bangalore,G Unit Events - Corporate Event Management Company in Bangalore / Wedding Event Planner,,,0,,,0,RESEARCH
Corporate Event Planners,Bangalore,Erigo Events Corporate Event Organizers & Wedding planners,,,0,,,0,RESEARCH
Corporate Event Planners,Bangalore,7Delights.in¬Æ Birthday Party & Corporate Event Organizers Bangalore,,,0,,,0,RESEARCH
Corporate Event Planners,Hyderabad,SOS Party - Best Corporate Event Organisers in Hyderabad,,,0,,,0,RESEARCH
Corporate Event Planners,Hyderabad,Eventara Events -Corporate Event Management & Wedding Planners,,,0,,,0,RESEARCH
Corporate Event Planners,Hyderabad,Fun Events - Best Event Management Company in Hyderabad,,,0,,,0,RESEARCH
Corporate Event Planners,Hyderabad,Golden trumpet events,,,0,,,0,RESEARCH
Corporate Event Planners,Hyderabad,Alankaran Events- Best Event Management & Wedding Management Company in Hyderabad,,,0,,,0,RESEARCH
Corporate Event Planners,Hyderabad,RakLead Events,,,0,,,0,RESEARCH
Corporate Event Planners,Hyderabad,Hyderabadi events,,,0,,,0,RESEARCH
Corporate Event Planners,Hyderabad,Hyderabad Events - Event Organizers in Hyderabad,,,0,,,0,RESEARCH
Corporate Event Planners,Hyderabad,My Choice Events,,,0,,,0,RESEARCH
Corporate Event Planners,Hyderabad,"Eventsadda.com - Top Event Organisers in Hyderabad | Wedding, Birthday, Corporate Event Manager",,,0,,,0,RESEARCH
Corporate Event Planners,Pune,Creature Events Management - Best Event Organizers Pune.,,,0,,,0,RESEARCH
Corporate Event Planners,Pune,Happy Minds Events | Event Management Company In Pune,,,0,,,0,RESEARCH
Corporate Event Planners,Pune,Absolute Concepts Events And Entertainment Pvt. Ltd. - Best Event Company in Pune,,,0,,,0,RESEARCH
Corporate Event Planners,Pune,Shandarr Events | Best Event Management Company in Pune |,,,0,,,0,RESEARCH
Corporate Event Planners,Pune,Our Vision Events - Event Management Company in Pune | Corporate Event Planner,,,0,,,0,RESEARCH
Corporate Event Planners,Pune,Suman Events Company Pune,,,0,,,0,RESEARCH
Corporate Event Planners,Pune,"Sixteen by Sixty-Four Media | Event Management Company in Pune, India | Production House",,,0,,,0,RESEARCH
Corporate Event Planners,Pune,E Factor Event Management,,,0,,,0,RESEARCH
Corporate Event Planners,Pune,Yours Truly - Corporate Event Planner in Pune,,,0,,,0,RESEARCH
Corporate Event Planners,Pune,EVEPRO,,,0,,,0,RESEARCH
Commercial Architects,Mumbai,UB Architects,,,0,,,0,RESEARCH
Commercial Architects,Mumbai,IMK ARCHITECTS,,,0,,,0,RESEARCH
Commercial Architects,Mumbai,Aum Architects,,,0,,,0,RESEARCH
Commercial Architects,Mumbai,SSA Architects,,,0,,,0,RESEARCH
Commercial Architects,Mumbai,ZZ Architects,,,0,,,0,RESEARCH
Commercial Architects,Mumbai,"Dimensional Architects ‚Äì Interior Design Studio, Mumbai (BKC)",,,0,,,0,RESEARCH
Commercial Architects,Mumbai,Studio Mumbai Architects,,,0,,,0,RESEARCH
Commercial Architects,Mumbai,S. J. Dongre Architects,,,0,,,0,RESEARCH
Commercial Architects,Mumbai,Malik Architecture,,,0,,,0,RESEARCH
Commercial Architects,Mumbai,Kapadia Associates,,,0,,,0,RESEARCH
Commercial Architects,Delhi,Dynamic Architects Delhi,,,0,,,0,RESEARCH
Commercial Architects,Delhi,Spaces Architects @ka,,,0,,,0,RESEARCH
Commercial Architects,Delhi,The Architect's Studio - Best architect in east delhi -Best Vastu consultant -Best Interior designer -Top MCD Architect,,,0,,,0,RESEARCH
Commercial Architects,Delhi,Novarch Consultants- Architects Engineers Planners Urban designers | Best Full service design Firm in Delhi,,,0,,,0,RESEARCH
Commercial Architects,Delhi,eSpaces Architects,,,0,,,0,RESEARCH
Commercial Architects,Delhi,AJ Atelier Architects,,,0,,,0,RESEARCH
Commercial Architects,Delhi,Rajiv Associates (Architects) Delhi,,,0,,,0,RESEARCH
Commercial Architects,Delhi,"Green Brick Architects, Interior Designers & Valuers",,,0,,,0,RESEARCH
Commercial Architects,Delhi,S.S.ENGINEERS & ARCHITECTS,,,0,,,0,RESEARCH
Commercial Architects,Delhi,Nirmaan Associates Architects,,,0,,,0,RESEARCH
Commercial Architects,Bangalore,DB ARCHITECTS PVT LTD,,,0,,,0,RESEARCH
Commercial Architects,Bangalore,MARS Architects‚Ñ¢,,,0,,,0,RESEARCH
Commercial Architects,Bangalore,Bhumiputra Architecture,,,0,,,0,RESEARCH
Commercial Architects,Bangalore,Office of Cognitive Design,,,0,,,0,RESEARCH
Commercial Architects,Bangalore,DEEJOS Architects & Constructions - Bangalore,,,0,,,0,RESEARCH
Commercial Architects,Bangalore,OWAIZ ARCHITECTS,,,0,,,0,RESEARCH
Commercial Architects,Bangalore,Kamat & Rozario Architecture,,,0,,,0,RESEARCH
Commercial Architects,Bangalore,Spandana Architects And Interior Designers In Koramangala Bangalore | Interior Designers In Bangalore,,,0,,,0,RESEARCH
Commercial Architects,Bangalore,DESIGNLINES Architects - Constructions -Interiors,,,0,,,0,RESEARCH
Commercial Architects,Bangalore,Morceau Architects,,,0,,,0,RESEARCH
Commercial Architects,Hyderabad,Architects in Hyderabad,,,0,,,0,RESEARCH
Commercial Architects,Hyderabad,Finger6 Architects,,,0,,,0,RESEARCH
Commercial Architects,Hyderabad,RAJA ARCHITECTS,,,0,,,0,RESEARCH
Commercial Architects,Hyderabad,DEEJOS Architects & Constructions - Hyderabad,,,0,,,0,RESEARCH
Commercial Architects,Hyderabad,"SP Associates (Planners, Engineers & Constructions)",,,0,,,0,RESEARCH
Commercial Architects,Hyderabad,"Hyderabad Design Collective - Architecture, Interiors, Landscapes, 3d visualisation & Furniture (Primary Category: Architect)",,,0,,,0,RESEARCH
Commercial Architects,Hyderabad,AN ARCHITECT_FSD,,,0,,,0,RESEARCH
Commercial Architects,Hyderabad,Clark Lloyd Architects(CLA),,,0,,,0,RESEARCH
Commercial Architects,Hyderabad,STUDIO ARCHITECTS GROUP,,,0,,,0,RESEARCH
Commercial Architects,Hyderabad,Studio A+D | Architects and Interior Designers |,,,0,,,0,RESEARCH
Commercial Architects,Pune,Architects in Pune Dhiraj Bhumkar Architects Top Architect in Pune Baner Balewadi,,,0,,,0,RESEARCH
Commercial Architects,Pune,World of architecture,,,0,,,0,RESEARCH
Commercial Architects,Pune,Sovereign Architects - Architects in Pune | Best Interior Designers in Pune,,,0,,,0,RESEARCH
Commercial Architects,Pune,Cubix Architects Associates,,,0,,,0,RESEARCH
Commercial Architects,Pune,Shitesh Agrawal Architects,,,0,,,0,RESEARCH
Commercial Architects,Pune,Ground 11 Architects,,,0,,,0,RESEARCH
Commercial Architects,Pune,CCBA Designs | India House,,,0,,,0,RESEARCH
Commercial Architects,Pune,TAO ARCHITECTURE PVT. LTD.,,,0,,,0,RESEARCH
Commercial Architects,Pune,Chaney Architects,,,0,,,0,RESEARCH
Commercial Architects,Pune,Group Architects,,,0,,,0,RESEARCH
Franchise Consultants,Mumbai,Franchise Alpha | Franchise Consultant In India | Franchise Advisor,,,0,,,0,RESEARCH
Franchise Consultants,Mumbai,Study Abroad Franchise,,,0,,,0,RESEARCH
Franchise Consultants,Mumbai,KC Overseas Education Pvt. Ltd.,,,0,,,0,RESEARCH
Franchise Consultants,Mumbai,AICPE Educational Services Pvt. Ltd.,,,0,,,0,RESEARCH
Franchise Consultants,Mumbai,Franchise Khoj,,,0,,,0,RESEARCH
Franchise Consultants,Mumbai,KC Overseas Education Sadar Nagpur,,,0,,,0,RESEARCH
Franchise Consultants,Mumbai,Franchise Discovery Pvt. Ltd.,,,0,,,0,RESEARCH
Franchise Consultants,Mumbai,Vinod Ishwar | Franchise Consultant | Digital Marketer,,,0,,,0,RESEARCH
Franchise Consultants,Mumbai,Annovatix Overseas,,,0,,,0,RESEARCH
Franchise Consultants,Mumbai,Zafar Khan,,,0,,,0,RESEARCH
Franchise Consultants,Delhi,Franchisy Empire | Franchise Consultants in Delhi | Franchise Business Company,,,0,,,0,RESEARCH
Franchise Consultants,Delhi,Franchise Alpha | Franchise in Delhi | Franchise Consultants in Delhi,,,0,,,0,RESEARCH
Franchise Consultants,Delhi,KC Overseas Education Pvt. Ltd.,,,0,,,0,RESEARCH
Franchise Consultants,Delhi,Franchise Batao Consultants,,,0,,,0,RESEARCH
Franchise Consultants,Delhi,PREMIUM FRANCHISE AND LOCATIONS PVT LTD(PFL),,,0,,,0,RESEARCH
Franchise Consultants,Delhi,Franolaxy Consulting Pvt Ltd,,,0,,,0,RESEARCH
Franchise Consultants,Delhi,Franchise Alpha | Best Franchise Consulting Company India,,,0,,,0,RESEARCH
Franchise Consultants,Delhi,KC Overseas Education Sadar Nagpur,,,0,,,0,RESEARCH
Franchise Consultants,Delhi,Sparkleminds - Best Franchise Consultants In India Since 1998,,,0,,,0,RESEARCH
Franchise Consultants,Delhi,Franchisezing,,,0,,,0,RESEARCH
Franchise Consultants,Bangalore,KC Overseas Education Pvt. Ltd.,,,0,,,0,RESEARCH
Franchise Consultants,Bangalore,Sparkleminds - Best Franchise Consultants In India Since 1998,,,0,,,0,RESEARCH
Franchise Consultants,Bangalore,Bizwell Franchise Consultancy Pvt Ltd,,,0,,,0,RESEARCH
Franchise Consultants,Bangalore,Franchise Bazar - Best Franchise Consultants In Bangalore Since 1998,,,0,,,0,RESEARCH
Franchise Consultants,Bangalore,FRANCHISE TIMES,,,0,,,0,RESEARCH
Franchise Consultants,Bangalore,Best Franchise Consultants India | Top Franchise Consulting Firm Company In India,,,0,,,0,RESEARCH
Franchise Consultants,Bangalore,Franchise Alpha | Franchise in Bengaluru | Franchise Consultants in Bengaluru,,,0,,,0,RESEARCH
Franchise Consultants,Bangalore,Franchise Expert | Franchise Expert - Franchise Your Business Expert | Franchise Consultants in India,,,0,,,0,RESEARCH
Franchise Consultants,Bangalore,Franchise Alpha | Best Franchise In Bengaluru | Expert Franchise Consultant India,,,0,,,0,RESEARCH
Franchise Consultants,Bangalore,FRANCHISE OPPORTUNITY SERVICES,,,0,,,0,RESEARCH
Custom Software Dev Houses,Mumbai,"Fidosofts Pvt Ltd | Website Designing, Web Development and Digital Marketing Company",,,0,,,0,RESEARCH
Custom Software Dev Houses,Mumbai,Simplified Software Solutions India | Premier Software Development & Mobile App Development Company in Mumbai,,,0,,,0,RESEARCH
Custom Software Dev Houses,Mumbai,Aimbeat - Software and Mobile App Development Company in Mumbai,,,0,,,0,RESEARCH
Custom Software Dev Houses,Mumbai,Website Development Company | Softscribble Pvt Ltd,,,0,,,0,RESEARCH
Custom Software Dev Houses,Mumbai,CodeMagic Software Solutions Pvt.Ltd.,,,0,,,0,RESEARCH
Custom Software Dev Houses,Mumbai,ADe Technologies - Custom Mobile And Web Application Development Company In Mumbai | Website Design,,,0,,,0,RESEARCH
Custom Software Dev Houses,Mumbai,"Hertzsoft Technologies ‚Äì Web & App Development | AI & Design Company, Mumbai",,,0,,,0,RESEARCH
Custom Software Dev Houses,Mumbai,Webiconvalley Technologies,,,0,,,0,RESEARCH
Custom Software Dev Houses,Mumbai,Hyperlink InfoSystem - Top App Development Company,,,0,,,0,RESEARCH
Custom Software Dev Houses,Mumbai,Mypcot Infotech Pvt Ltd,,,0,,,0,RESEARCH
Custom Software Dev Houses,Delhi,Technogigz Solutions,,,0,,,0,RESEARCH
Custom Software Dev Houses,Delhi,Custom Software Developer,,,0,,,0,RESEARCH
Custom Software Dev Houses,Delhi,"SoftGiant Technologies - Custom Software Development & Best eCommmerce Development Company in Delhi, India",,,0,,,0,RESEARCH
Custom Software Dev Houses,Delhi,SLN Softwares - Software Development Company,,,0,,,0,RESEARCH
Custom Software Dev Houses,Delhi,Almondz Software Development Company in Delhi,,,0,,,0,RESEARCH
Custom Software Dev Houses,Delhi,"Tech Web Mantra (Website Designing & Development, ERP Software Company in Delhi, CRM Software Development in Delhi, India)",,,0,,,0,RESEARCH
Custom Software Dev Houses,Delhi,Quickipedia - Website and Custom Software Development in East Delhi,,,0,,,0,RESEARCH
Custom Software Dev Houses,Delhi,Software & Website Development Company - InCodersLab,,,0,,,0,RESEARCH
Custom Software Dev Houses,Delhi,"Technology Xtend | Website, Software and Mobile App Development Company",,,0,,,0,RESEARCH
Custom Software Dev Houses,Delhi,NexGen Innovators - Software Company,,,0,,,0,RESEARCH
Custom Software Dev Houses,Bangalore,Wondersoft Pvt Ltd,,,0,,,0,RESEARCH
Custom Software Dev Houses,Bangalore,Techasoft Pvt. Ltd.,,,0,,,0,RESEARCH
Custom Software Dev Houses,Bangalore,Fugensys Technologies,,,0,,,0,RESEARCH
Custom Software Dev Houses,Bangalore,Cloud Software Solution - Website & Mobile App Development Company In Bangalore,,,0,,,0,RESEARCH
Custom Software Dev Houses,Bangalore,SeeKNEO,,,0,,,0,RESEARCH
Custom Software Dev Houses,Bangalore,ManyaSoft,,,0,,,0,RESEARCH
Custom Software Dev Houses,Bangalore,EchoPx Technologies,,,0,,,0,RESEARCH
Custom Software Dev Houses,Bangalore,XFactr.AI | Software Development Company in Bangalore,,,0,,,0,RESEARCH
Custom Software Dev Houses,Bangalore,Software Development And Graphic Design,,,0,,,0,RESEARCH
Custom Software Dev Houses,Bangalore,Tihalt,,,0,,,0,RESEARCH
Custom Software Dev Houses,Hyderabad,mTouch Labs ‚Äì Software Development Company in Hyderabad,,,0,,,0,RESEARCH
Custom Software Dev Houses,Hyderabad,Software10x,,,0,,,0,RESEARCH
Custom Software Dev Houses,Hyderabad,BSIT Software Services Pvt. Ltd.- Leading Software Development Company.,,,0,,,0,RESEARCH
Custom Software Dev Houses,Hyderabad,DB.Technology,,,0,,,0,RESEARCH
Custom Software Dev Houses,Hyderabad,"Conquerors Software Technologies | Custom Web & Mobile App Developers | 15+ Years in LMS, Flutter, React Native & AI Agents",,,0,,,0,RESEARCH
Custom Software Dev Houses,Hyderabad,Ariscent Software Solutions,,,0,,,0,RESEARCH
Custom Software Dev Houses,Hyderabad,DZYN,,,0,,,0,RESEARCH
Custom Software Dev Houses,Hyderabad,Azioes Technologies - Mobile App Development Company - Digital Marketing Services,,,0,,,0,RESEARCH
Custom Software Dev Houses,Hyderabad,Origin Softwares,,,0,,,0,RESEARCH
Custom Software Dev Houses,Hyderabad,Techally Labs - IT & Software Development Company,,,0,,,0,RESEARCH
Custom Software Dev Houses,Pune,Codiastic Soft | Software & Mobile app development company pune,,,0,,,0,RESEARCH
Custom Software Dev Houses,Pune,Thinkitive Technologies Private Limited,,,0,,,0,RESEARCH
Custom Software Dev Houses,Pune,Gigante Technologies,,,0,,,0,RESEARCH
Custom Software Dev Houses,Pune,Custom Software Solutions,,,0,,,0,RESEARCH
Custom Software Dev Houses,Pune,RacksonsIT Developers Private Limited,,,0,,,0,RESEARCH
Custom Software Dev Houses,Pune,Zainton Technologies | Best Web Design & Website Development Company In Pune | Digital Marketing Agency In Pune,,,0,,,0,RESEARCH
Custom Software Dev Houses,Pune,Codeplateau Technology Solutions - Power BI consulting services,,,0,,,0,RESEARCH
Custom Software Dev Houses,Pune,"Explicate Technologies | Software Development, Mobile App, Website Design, Cloud Service, ERP Software Company in Pune",,,0,,,0,RESEARCH
Custom Software Dev Houses,Pune,Nucleosys Tech Pvt. Ltd.,,,0,,,0,RESEARCH
Custom Software Dev Houses,Pune,ScroBits Technologies,,,0,,,0,RESEARCH
Executive Search Firms,Mumbai,Propella Consulting Group,,,0,,,0,RESEARCH
Executive Search Firms,Mumbai,BDO Executive Search,,,0,,,0,RESEARCH
Executive Search Firms,Mumbai,Topgear consultants pvt ltd,,,0,,,0,RESEARCH
Executive Search Firms,Mumbai,Conviction Hr,,,0,,,0,RESEARCH
Executive Search Firms,Mumbai,Adept Global,,,0,,,0,RESEARCH
Executive Search Firms,Mumbai,HR Search India,,,0,,,0,RESEARCH
Executive Search Firms,Mumbai,HR Reflections,,,0,,,0,RESEARCH
Executive Search Firms,Mumbai,Stanton Chase,,,0,,,0,RESEARCH
Executive Search Firms,Mumbai,Talent Corner H.R. Services Private Limited,,,0,,,0,RESEARCH
Executive Search Firms,Mumbai,Recruiters Zone India Pvt Ltd,,,0,,,0,RESEARCH
Executive Search Firms,Bangalore,Worksource Consultant - Executive Search Firm,,,0,,,0,RESEARCH
Executive Search Firms,Bangalore,Peergrowth - Executive Search,,,0,,,0,RESEARCH
Executive Search Firms,Bangalore,CareerXperts Technologies Private Limited,,,0,,,0,RESEARCH
Executive Search Firms,Bangalore,Recruise India Consulting Pvt Ltd,,,0,,,0,RESEARCH
Executive Search Firms,Bangalore,White Horse Manpower Consultancy Private Limited,,,0,,,0,RESEARCH
Executive Search Firms,Bangalore,The Head Hunters India Pvt Ltd,,,0,,,0,RESEARCH
Executive Search Firms,Bangalore,The Chief Circle (TCC) - Executive Search & Leadership Advisory Firm,,,0,,,0,RESEARCH
Executive Search Firms,Bangalore,Michael Page Bangalore - Recruitment Agency,,,0,,,0,RESEARCH
Executive Search Firms,Bangalore,One Degree North HR Service,,,0,,,0,RESEARCH
Executive Search Firms,Bangalore,GK HR Consulting India Pvt. Ltd.,,,0,,,0,RESEARCH
Executive Search Firms,Hyderabad,3G HR Services ( Best Job Consultant in Hyderabad),,,0,,,0,RESEARCH
Executive Search Firms,Hyderabad,MKELITE MOON SHINE PRIVATE LIMITED,,,0,,,0,RESEARCH
Executive Search Firms,Hyderabad,Curaa,,,0,,,0,RESEARCH
Executive Search Firms,Hyderabad,FORGE CONSULTING PRIVATE LIMITED,,,0,,,0,RESEARCH
Executive Search Firms,Hyderabad,Vinush Recruitment Agency,,,0,,,0,RESEARCH
Executive Search Firms,Hyderabad,PACE Recruit,,,0,,,0,RESEARCH
Executive Search Firms,Hyderabad,247Hire India Private Limited,,,0,,,0,RESEARCH
Executive Search Firms,Hyderabad,Talentboon Consulting Pvt Ltd,,,0,,,0,RESEARCH
Executive Search Firms,Hyderabad,Hungry Bird Consulting Services Pvt Ltd (Best Job Consultant & Manpower Organization in Hyderabad),,,0,,,0,RESEARCH
Executive Search Firms,Hyderabad,Career Dreams Solutions Private Limited,,,0,,,0,RESEARCH
Executive Search Firms,Pune,Hexagon Executive Search Pvt. Ltd,,,0,,,0,RESEARCH
Executive Search Firms,Pune,"Human Forte - Executive Search, Business Transformation & Recruitments",,,0,,,0,RESEARCH
Executive Search Firms,Pune,Best recruitment agency,,,0,,,0,RESEARCH
Executive Search Firms,Pune,Jaguar Consultants - Executive Search and Recruitment Agency,,,0,,,0,RESEARCH
Executive Search Firms,Pune,Boyd & Moore Executive Search (India),,,0,,,0,RESEARCH
Executive Search Firms,Pune,Streamfix Business Management Pvt.Ltd. | HR Consultancy | Outsourcing Company,,,0,,,0,RESEARCH
Executive Search Firms,Pune,Zeet Hr consultancy services,,,0,,,0,RESEARCH
Executive Search Firms,Pune,Talhive,,,0,,,0,RESEARCH
Executive Search Firms,Pune,Job hub hr recruitment agency,,,0,,,0,RESEARCH
Executive Search Firms,Pune,NexTA Executive Search India Private Limited,,,0,,,0,RESEARCH
Commercial Gym Equipment,Mumbai,Bodyshape Fitness Equipment | Gym equipment manufacturers,,,0,,,0,RESEARCH
Commercial Gym Equipment,Mumbai,Athlon Commercial Gym Equipment,,,0,,,0,RESEARCH
Commercial Gym Equipment,Mumbai,"FitLine International (Gym Equipment, Fitness Equipment, Commercial Gym Setup)",,,0,,,0,RESEARCH
Commercial Gym Equipment,Mumbai,Crux Fitness Equipment,,,0,,,0,RESEARCH
Commercial Gym Equipment,Mumbai,Gym Equipment Manufacturer,,,0,,,0,RESEARCH
Commercial Gym Equipment,Mumbai,The India Fitness Connect Pvt. Ltd. (TIFC),,,0,,,0,RESEARCH
Commercial Gym Equipment,Mumbai,Sparnod Fitness Equipment,,,0,,,0,RESEARCH
Commercial Gym Equipment,Mumbai,SUNNY FITNESS INDIA PVT LTD,,,0,,,0,RESEARCH
Commercial Gym Equipment,Mumbai,"Fitness Solution-Fitness Equipment Store In Vikhroli,Mumbai-Treadmill On Rent In Mumbai-Home Gym Equipment Shop In Mumbai",,,0,,,0,RESEARCH
Commercial Gym Equipment,Mumbai,SWARAJ FITNESS SOLUTIONS,,,0,,,0,RESEARCH
Commercial Gym Equipment,Delhi,Syndicate Gym Equipment Manufacturer in Delhi,,,0,,,0,RESEARCH
Commercial Gym Equipment,Delhi,S.S.FITNESS :(GYM EQUIPMENT MANUFACTURER),,,0,,,0,RESEARCH
Commercial Gym Equipment,Delhi,"THE FLEX FITNESS | Gym Equipment Wholesaler, Delhi",,,0,,,0,RESEARCH
Commercial Gym Equipment,Delhi,"AAKAV Fitness - Treadmill Manufacturers in Delhi | Gym Setup | Multi gym | Gym Equipment Manufacturers, Supplier in New Delhi",,,0,,,0,RESEARCH
Commercial Gym Equipment,Delhi,Singh Engineering Works(Gym equipments manufacturer),,,0,,,0,RESEARCH
Commercial Gym Equipment,Delhi,WELLNESS GYM EQUIPMENT- Fitness Equipment | Commercial Gym Setup,,,0,,,0,RESEARCH
Commercial Gym Equipment,Delhi,"Fitking Retails ( Gym Equipment, Commercial Gym Setup)",,,0,,,0,RESEARCH
Commercial Gym Equipment,Delhi,Universal Gym Fitness Equipments,,,0,,,0,RESEARCH
Commercial Gym Equipment,Delhi,FitLine Fitness Equipment,,,0,,,0,RESEARCH
Commercial Gym Equipment,Delhi,"Nortus Fitness Equipment - Gym Equipment Manufacturer, Wholesaler, Supplier in India",,,0,,,0,RESEARCH
Commercial Gym Equipment,Bangalore,The Bangalore Fitness Equipment,,,0,,,0,RESEARCH
Commercial Gym Equipment,Bangalore,Aerofit - India's No1 Fitness Equipment Brand Since-1928 Bangalore,,,0,,,0,RESEARCH
Commercial Gym Equipment,Bangalore,Vijay industries,,,0,,,0,RESEARCH
Commercial Gym Equipment,Bangalore,Aerofit Fitness Equipment - India's Leading Fitness Equipment Brand Since 1986,,,0,,,0,RESEARCH
Commercial Gym Equipment,Bangalore,VIVA Fitness - Mahadevapura (Bharadwaj Ventures Pvt Ltd),,,0,,,0,RESEARCH
Commercial Gym Equipment,Bangalore,Eon Fitness Equipment,,,0,,,0,RESEARCH
Commercial Gym Equipment,Bangalore,B.M.J FITNESS EQUIPMENTS,,,0,,,0,RESEARCH
Commercial Gym Equipment,Bangalore,REALLEADER USA Fitness equipments,,,0,,,0,RESEARCH
Commercial Gym Equipment,Bangalore,Hercules fitness equipments,,,0,,,0,RESEARCH
Commercial Gym Equipment,Bangalore,Hercules Fitness Equipment Kengeri,,,0,,,0,RESEARCH
Commercial Gym Equipment,Hyderabad,Olympic Fitness Gym Equipment Manufacturer,,,0,,,0,RESEARCH
Commercial Gym Equipment,Hyderabad,FitLine (commercial fitness equipment ),,,0,,,0,RESEARCH
Commercial Gym Equipment,Hyderabad,COMPLETE FIT EQUIPMENTS,,,0,,,0,RESEARCH
Commercial Gym Equipment,Hyderabad,Avon Fitness Machine Private Limited - Hyderabad,,,0,,,0,RESEARCH
Commercial Gym Equipment,Hyderabad,Gym equipment manufacturer in Hyderabad,,,0,,,0,RESEARCH
Commercial Gym Equipment,Hyderabad,Duro Fitness Store,,,0,,,0,RESEARCH
Commercial Gym Equipment,Hyderabad,A To Z Fitness Enterprises (Fitness Equipment Repair Installation & Service),,,0,,,0,RESEARCH
Commercial Gym Equipment,Hyderabad,Telangana Corporate Services - Top Best Outdoor Playground Equipment Manufacturer & Open Gym Equipment Supplier.,,,0,,,0,RESEARCH
Commercial Gym Equipment,Hyderabad,"Stayfit Health & Fitness World Pvt. Ltd, Gym Equipment Center, Somajiguda",,,0,,,0,RESEARCH
Commercial Gym Equipment,Hyderabad,NIR WAYFIT SOLUTIONS,,,0,,,0,RESEARCH
Commercial Gym Equipment,Pune,Aerofit Pune,,,0,,,0,RESEARCH
Commercial Gym Equipment,Pune,Gym Equipments Pune - Tekniks Fitness International,,,0,,,0,RESEARCH
Commercial Gym Equipment,Pune,Master Gym/Fitness Equipment Manufacturer shop,,,0,,,0,RESEARCH
Commercial Gym Equipment,Pune,Maxx Sportz & Fitness Pvt Ltd - best Gym and fitness equipment Supplier nearby in Pune,,,0,,,0,RESEARCH
Commercial Gym Equipment,Pune,Sparnod Fitness Equipment Pvt Ltd,,,0,,,0,RESEARCH
Commercial Gym Equipment,Pune,Gym Equipment Manufacturer | Syndicate,,,0,,,0,RESEARCH
Commercial Gym Equipment,Pune,Maharashtra Fitness Equipment Treadmill Exercise Cycle Dumbbell Plates,,,0,,,0,RESEARCH
Commercial Gym Equipment,Pune,Star Fitness Gym Repair Service treadmill Specialist,,,0,,,0,RESEARCH
Commercial Gym Equipment,Pune,Acme Fitness Pvt Ltd,,,0,,,0,RESEARCH
Commercial Gym Equipment,Pune,The Fitness Shop LLP (Pune),,,0,,,0,RESEARCH
Medical Equipment Suppliers,Mumbai,Maharashtra Health Care,,,0,,,0,RESEARCH
Medical Equipment Suppliers,Mumbai,Jupiter Equipment,,,0,,,0,RESEARCH
Medical Equipment Suppliers,Mumbai,KS Arogya Seva Pvt Ltd kspl,,,0,,,0,RESEARCH
Medical Equipment Suppliers,Mumbai,Mhc surgical,,,0,,,0,RESEARCH
Medical Equipment Suppliers,Mumbai,Mindray Medical India Pvt. Ltd - Best Medical Equipment Manufacturer,,,0,,,0,RESEARCH
Medical Equipment Suppliers,Mumbai,Galaxy equipment,,,0,,,0,RESEARCH
Medical Equipment Suppliers,Mumbai,Synergy Healthcare,,,0,,,0,RESEARCH
Medical Equipment Suppliers,Mumbai,WHOLESALE DIAPERS AND SURGICALS STORE- YOUR CARE PHARMA,,,0,,,0,RESEARCH
Medical Equipment Suppliers,Mumbai,"Hohocare I I Oxygen cylinder on rent near me in mumbai I CPAP, Bipap, ICU Hospital Bed Dvt on Rent Hire in mumbai",,,0,,,0,RESEARCH
Medical Equipment Suppliers,Mumbai,All India Health Care,,,0,,,0,RESEARCH
Medical Equipment Suppliers,Delhi,SURGICAL DEVICES HUB,,,0,,,0,RESEARCH
Medical Equipment Suppliers,Delhi,Revex Medical | Hospital Equipment & Medical Disposable Manufacturer Delhi India,,,0,,,0,RESEARCH
Medical Equipment Suppliers,Delhi,S.M.SURGI AND MEDI DEVICES HUB - ( Manufacturer of hospital furniture and surgical equipment In Delhi ),,,0,,,0,RESEARCH
Medical Equipment Suppliers,Delhi,Medicare International,,,0,,,0,RESEARCH
Medical Equipment Suppliers,Delhi,Manarti Exports - Medical Disposable & Hospital Equipment Manufacturer Delhi India,,,0,,,0,RESEARCH
Medical Equipment Suppliers,Delhi,Sachdeva Medline | Oxygen Concentrator Machine | Longfian India | BMC BIPAP CPAP | Adjustable Recliner Bed for Patient,,,0,,,0,RESEARCH
Medical Equipment Suppliers,Delhi,"Global Healthcare Company- Medical Equipment, Surgical Products Supplier",,,0,,,0,RESEARCH
Medical Equipment Suppliers,Delhi,Delhi Hospital Supply Private,,,0,,,0,RESEARCH
Medical Equipment Suppliers,Delhi,One Stop Health Care Solution | Best Medical Equipment & Ambulance Service In Delhi,,,0,,,0,RESEARCH
Medical Equipment Suppliers,Delhi,MEDIDEVICE HEALTHEXPERTS PRIVATE LIMITED,,,0,,,0,RESEARCH
Medical Equipment Suppliers,Bangalore,SLN Healthcare - Best Medical Equipment Supplier In Bangalore,,,0,,,0,RESEARCH
Medical Equipment Suppliers,Bangalore,KR Healthcare,,,0,,,0,RESEARCH
Medical Equipment Suppliers,Bangalore,"Prime Healers - Hospital bed for rent, Oxygen concentrator for rent, oxygen cylinder, BiPAP, CPAP",,,0,,,0,RESEARCH
Medical Equipment Suppliers,Bangalore,"Multispeciality Home Health Care - C.I.L Layout, Hebbala",,,0,,,0,RESEARCH
Medical Equipment Suppliers,Bangalore,F7 O2 Supplies Pvt. Ltd. | Wheel Chair For Rent & Sale In Bangalore | Hospital Bed On Rent In Bangalore,,,0,,,0,RESEARCH
Medical Equipment Suppliers,Bangalore,Unique surgical and medical equipments,,,0,,,0,RESEARCH
Medical Equipment Suppliers,Bangalore,MEDASUS HEALTHCARE PVT LTD | MEDICAL EQUIPMENTS | COMPLETE HOSPITAL SETUP | HOSPITAL REGISTRATION,,,0,,,0,RESEARCH
Medical Equipment Suppliers,Bangalore,Allcare Medical Systems,,,0,,,0,RESEARCH
Medical Equipment Suppliers,Bangalore,Entrusted Medical Devices,,,0,,,0,RESEARCH
Medical Equipment Suppliers,Bangalore,D Sprinklers,,,0,,,0,RESEARCH
Medical Equipment Suppliers,Hyderabad,SHIVAM MEDICAL EQUIPMENTS,,,0,,,0,RESEARCH
Medical Equipment Suppliers,Hyderabad,Healthcareneeds,,,0,,,0,RESEARCH
Medical Equipment Suppliers,Hyderabad,Sasha HealthCare Medical Equipment Supply in Hyderabad,,,0,,,0,RESEARCH
Medical Equipment Suppliers,Hyderabad,"Entrusted Medical Devices, Hyderabad",,,0,,,0,RESEARCH
Medical Equipment Suppliers,Hyderabad,QS Healthcare Services - Hospital Beds Rent & sale | Oxygen Cylinder For Rent & sale in Hyderabad & Secunderabad,,,0,,,0,RESEARCH
Medical Equipment Suppliers,Hyderabad,F7 Healthcare Private Limited Hospital bed for rent Hyderabad | Wheelchair Rent & Sale In Hyderabad | Phototherapy machine,,,0,,,0,RESEARCH
Medical Equipment Suppliers,Hyderabad,F7 Surgical & Medical Equipment oxygen concentrator rent in Hyderabad | oxygen cylinder rent in Hyderabad | Bipap on rent Hyd,,,0,,,0,RESEARCH
Medical Equipment Suppliers,Hyderabad,F7 Medical Equipments Oxygen Concentrator on rent in Hyderabad | hospital bed for rent and sale in Hyderabad,,,0,,,0,RESEARCH
Medical Equipment Suppliers,Hyderabad,Metro Surgical Hyderabad,,,0,,,0,RESEARCH
Medical Equipment Suppliers,Hyderabad,Dr H Care,,,0,,,0,RESEARCH
Medical Equipment Suppliers,Pune,World Health Care,,,0,,,0,RESEARCH
Medical Equipment Suppliers,Pune,Wellness Surgicals | Best Surgical Shop In Sadashiv Peth,,,0,,,0,RESEARCH
Medical Equipment Suppliers,Pune,AD Health Care,,,0,,,0,RESEARCH
Medical Equipment Suppliers,Pune,Pioneer Surgicals,,,0,,,0,RESEARCH
Medical Equipment Suppliers,Pune,MEDIRICH,,,0,,,0,RESEARCH
Medical Equipment Suppliers,Pune,Sure Surgicals medical equipment sales and consumables wholesaler,,,0,,,0,RESEARCH
Medical Equipment Suppliers,Pune,F7 O2 Supplies Pvt. Ltd. Oxygen Concentrator On Rent In Pune | Oxygen Cylinder On Rent In Pune| Oxygen Concentrator In Pune,,,0,,,0,RESEARCH
Medical Equipment Suppliers,Pune,DC HealthCare,,,0,,,0,RESEARCH
Medical Equipment Suppliers,Pune,ECO SALES Medical Equipment Manufacturing Company,,,0,,,0,RESEARCH
Medical Equipment Suppliers,Pune,Parth Medisales I Best surgical and Medical equipment shop,,,0,,,0,RESEARCH
Industrial Packaging,Mumbai,Shree Arun Packaging Company P. Ltd. (SAPCO) - Packaging Company In Mumbai,,,0,,,0,RESEARCH
Industrial Packaging,Mumbai,"The Baxsaa Co | Custom Packaging Solutions, Lower Parel, Mumbai",,,0,,,0,RESEARCH
Industrial Packaging,Mumbai,"Customised Packaging - Corrugated Box, Rigid Box, Paper Bags, Packaging Box Manufacturers in Mumbai",,,0,,,0,RESEARCH
Industrial Packaging,Mumbai,SVP Packing Industry Private Limited,,,0,,,0,RESEARCH
Industrial Packaging,Mumbai,Baroda Packaging,,,0,,,0,RESEARCH
Industrial Packaging,Mumbai,Barkaat Packaging,,,0,,,0,RESEARCH
Industrial Packaging,Mumbai,Sanjeev Flexi Pack Pvt. Ltd.,,,0,,,0,RESEARCH
Industrial Packaging,Mumbai,Rahul Packaging,,,0,,,0,RESEARCH
Industrial Packaging,Mumbai,Acumen Packaging Private Limited,,,0,,,0,RESEARCH
Industrial Packaging,Mumbai,Pappco Greenware - Beriwal International,,,0,,,0,RESEARCH
Industrial Packaging,Delhi,Khanna Packers & Moulder (Blister packaging manufacturer),,,0,,,0,RESEARCH
Industrial Packaging,Delhi,Sapphire Packaging Industries,,,0,,,0,RESEARCH
Industrial Packaging,Delhi,Delhi Packaging,,,0,,,0,RESEARCH
Industrial Packaging,Delhi,Flexible Packaging company,,,0,,,0,RESEARCH
Industrial Packaging,Delhi,Garg Packaging Industries,,,0,,,0,RESEARCH
Industrial Packaging,Delhi,KRISHNA PACKAGING DELHI,,,0,,,0,RESEARCH
Industrial Packaging,Delhi,Glopack Industries Pvt Ltd,,,0,,,0,RESEARCH
Industrial Packaging,Delhi,VP Packaging Industries,,,0,,,0,RESEARCH
Industrial Packaging,Delhi,International Packaging,,,0,,,0,RESEARCH
Industrial Packaging,Delhi,Syscom Packaging Company,,,0,,,0,RESEARCH
Industrial Packaging,Bangalore,Multi Packaging Industry,,,0,,,0,RESEARCH
Industrial Packaging,Bangalore,"Ambika Packaging - Food Packaging & Disposables (Manufacturer & Wholesaler), Bangalore.",,,0,,,0,RESEARCH
Industrial Packaging,Bangalore,Bangalore Packaging Industries,,,0,,,0,RESEARCH
Industrial Packaging,Bangalore,"Marudhar Packaging (Manufacturer of Corrugated Boxes, Ecommerce Packaging, Printed Carton Boxes & other Packaging Materials)",,,0,,,0,RESEARCH
Industrial Packaging,Bangalore,Kreatica Packaging - Manufacturing Unit,,,0,,,0,RESEARCH
Industrial Packaging,Bangalore,Amrith Packaging Industries,,,0,,,0,RESEARCH
Industrial Packaging,Bangalore,HMS Wooden box and packing,,,0,,,0,RESEARCH
Industrial Packaging,Bangalore,Mahalakshmi Packaging,,,0,,,0,RESEARCH
Industrial Packaging,Bangalore,Motto packaging industries,,,0,,,0,RESEARCH
Industrial Packaging,Bangalore,Prerana Packaging industries,,,0,,,0,RESEARCH
Industrial Packaging,Hyderabad,Sri Laxmi Packaging Industries (OPC) Pvt Ltd,,,0,,,0,RESEARCH
Industrial Packaging,Hyderabad,Ramco Industries,,,0,,,0,RESEARCH
Industrial Packaging,Hyderabad,Sri Gayathri Packaging Industries,,,0,,,0,RESEARCH
Industrial Packaging,Hyderabad,HRB Packing Industries,,,0,,,0,RESEARCH
Industrial Packaging,Hyderabad,Safety Packaging,,,0,,,0,RESEARCH
Industrial Packaging,Hyderabad,Global packaging industries,,,0,,,0,RESEARCH
Industrial Packaging,Hyderabad,Badhe Packaging Industries Pvt Ltd,,,0,,,0,RESEARCH
Industrial Packaging,Hyderabad,AVNFLEX,,,0,,,0,RESEARCH
Industrial Packaging,Hyderabad,Crown Industries,,,0,,,0,RESEARCH
Industrial Packaging,Hyderabad,GS Packaging,,,0,,,0,RESEARCH
Industrial Packaging,Pune,Ramco Industries,,,0,,,0,RESEARCH
Industrial Packaging,Pune,Safepack Industries Ltd,,,0,,,0,RESEARCH
Industrial Packaging,Pune,"PackSquare Private Limited (Corrugated, Packaging Box Manufacturer Pune)",,,0,,,0,RESEARCH
Industrial Packaging,Pune,"SEAL + PACK INDUSTRIES- Pepsi Cola Packing, Pouch Packaging manufacturer in Pune",,,0,,,0,RESEARCH
Industrial Packaging,Pune,R R INDUSTRIAL PACKAGING PVT LTD - Industrial Packaging Company in Pune India,,,0,,,0,RESEARCH
Industrial Packaging,Pune,"Sai Industries Pune-Pouch Packing Machine/Milk Pouch Packing Machine Manufacturers,Water Pouch Packing Machine Pune",,,0,,,0,RESEARCH
Industrial Packaging,Pune,STICKPACK INDUSTRIES - Self Adhesive Tape & Packaging Material Manufacturer-Stretch film- Bopp tape-Masking Tape-Duct tape,,,0,,,0,RESEARCH
Industrial Packaging,Pune,SUPERTECH PACKAGING INDUSTRIES,,,0,,,0,RESEARCH
Industrial Packaging,Pune,Deshmukh Industries,,,0,,,0,RESEARCH
Industrial Packaging,Pune,NAMO PAPER PACK,,,0,,,0,RESEARCH
3PL Logistics,Mumbai,Federal Transport Pvt Ltd,,,0,,,0,RESEARCH
3PL Logistics,Mumbai,APT Logistics,,,0,,,0,RESEARCH
3PL Logistics,Mumbai,Airmax International Packers And Movers Mumbai,,,0,,,0,RESEARCH
3PL Logistics,Mumbai,AM PM Logistics Private Limited,,,0,,,0,RESEARCH
3PL Logistics,Mumbai,Safe & Secure Logistics Pvt Ltd,,,0,,,0,RESEARCH
3PL Logistics,Mumbai,Capricorn Logistics Pvt Ltd,,,0,,,0,RESEARCH
3PL Logistics,Mumbai,SM EXPRESS LOGISTICS PVT LTD,,,0,,,0,RESEARCH
3PL Logistics,Mumbai,Globus Logisys Pvt. Ltd.,,,0,,,0,RESEARCH
3PL Logistics,Mumbai,Crane Worldwide Logistics - Mumbai,,,0,,,0,RESEARCH
3PL Logistics,Mumbai,Enlyft Business Solutions (3PL Warehouse Services),,,0,,,0,RESEARCH
3PL Logistics,Delhi,3PL Logistics India Pvt Ltd,,,0,,,0,RESEARCH
3PL Logistics,Delhi,TRANSPORT INDIA - 3PL,,,0,,,0,RESEARCH
3PL Logistics,Bangalore,StowNest Storage,,,0,,,0,RESEARCH
3PL Logistics,Bangalore,FIT 3PL Warehousing Pvt. Ltd.,,,0,,,0,RESEARCH
3PL Logistics,Bangalore,Unity 3PL Services Private Limited,,,0,,,0,RESEARCH
3PL Logistics,Bangalore,Ordient Logistics,,,0,,,0,RESEARCH
3PL Logistics,Bangalore,AAJ Supply Chain Management Pvt. Ltd. - Warehouse company in Bangalore,,,0,,,0,RESEARCH
3PL Logistics,Bangalore,Transys Global Forwarding Private Limited,,,0,,,0,RESEARCH
3PL Logistics,Bangalore,CXL LOGISTICS PVT LTD,,,0,,,0,RESEARCH
3PL Logistics,Bangalore,"HTL Logistics India Pvt Ltd, Bangalore",,,0,,,0,RESEARCH
3PL Logistics,Bangalore,Tripath Logistics Pvt Ltd- Bengaluru Office,,,0,,,0,RESEARCH
3PL Logistics,Bangalore,Access Warehousing Pvt Ltd,,,0,,,0,RESEARCH
3PL Logistics,Hyderabad,Quikzo logistics india private limited,,,0,,,0,RESEARCH
3PL Logistics,Hyderabad,Radiant 3PL Solutions India Private Limited,,,0,,,0,RESEARCH
3PL Logistics,Hyderabad,Srp Logistics Private Limited,,,0,,,0,RESEARCH
3PL Logistics,Hyderabad,Admiral Logistics,,,0,,,0,RESEARCH
3PL Logistics,Hyderabad,Shift Logistics Pvt. Ltd.,,,0,,,0,RESEARCH
3PL Logistics,Hyderabad,Shreepa Logistics Pvt Ltd,,,0,,,0,RESEARCH
3PL Logistics,Hyderabad,Varuna Integrated Logistics,,,0,,,0,RESEARCH
3PL Logistics,Hyderabad,Premier People Logistic Solutions Private Limited,,,0,,,0,RESEARCH
3PL Logistics,Hyderabad,ZenExpress Logistics (ZeNXL),,,0,,,0,RESEARCH
3PL Logistics,Hyderabad,Exceed Logistics,,,0,,,0,RESEARCH
3PL Logistics,Pune,Abhi Impact Logistics Solutions Pvt. Ltd,,,0,,,0,RESEARCH
3PL Logistics,Pune,Metrolink Logistics Pvt.Ltd.-Transporters in Pune,,,0,,,0,RESEARCH
3PL Logistics,Pune,Ash Logistics & Traders Private Limited,,,0,,,0,RESEARCH
3PL Logistics,Pune,FM Logistic India - Corporate Office,,,0,,,0,RESEARCH
3PL Logistics,Pune,VTC 3PL Services Limited,,,0,,,0,RESEARCH
3PL Logistics,Pune,Dynamic Logistics ICD-DIGHI,,,0,,,0,RESEARCH
3PL Logistics,Pune,RVC Supply Chain Solutions Pvt Ltd,,,0,,,0,RESEARCH
3PL Logistics,Pune,Dexters Logistics Pvt. Ltd.,,,0,,,0,RESEARCH
3PL Logistics,Pune,Pollux Logistics,,,0,,,0,RESEARCH
3PL Logistics,Pune,Top India Logistics,,,0,,,0,RESEARCH
